[2026-09-14 19:08:09] [FATAL] dkjson module not found! Municipal AI cannot start.
[2026-09-14 19:11:32] [FATAL] dkjson module not found! Municipal AI cannot start.
[2026-09-14 19:25:51] [init] Municipal AI started successfully (standalone JSON format)
[2026-09-14 19:25:52] [hb] updated: timestamp_ms=606 (count=1)
[2026-09-14 19:25:53] [hb] updated: timestamp_ms=1109 (count=2)
[2026-09-14 19:25:53] [hb] updated: timestamp_ms=1610 (count=3)
[2026-09-14 19:25:54] [hb] updated: timestamp_ms=2110 (count=4)
[2026-09-14 19:25:54] [hb] updated: timestamp_ms=2611 (count=5)
[2026-09-14 19:26:02] [hb] updated: timestamp_ms=10166 (count=20)
[2026-09-14 20:04:15] [init] Municipal AI started successfully (Phase 1 Telemetry Online)
[2026-09-14 20:04:15] [hb] updated: timestamp_ms=625 (count=1)
[2026-09-14 20:04:15] [telemetry] World state connected: player=(2488.6, -1666.9, 13.8) in_veh=false wanted=0 crime=25.0% unrest=10.0% treasury=$1000000 time=08:00
[2026-09-14 20:04:15] [telemetry] Incidents state connected: 6 slots tracked in registry
[2026-09-14 20:04:16] [hb] updated: timestamp_ms=1127 (count=2)
[2026-09-14 20:04:16] [hb] updated: timestamp_ms=1628 (count=3)
[2026-09-14 20:04:17] [hb] updated: timestamp_ms=2128 (count=4)
[2026-09-14 20:04:17] [hb] updated: timestamp_ms=2629 (count=5)
[2026-09-14 20:17:17] [init] Municipal AI started successfully (Phase 1 Telemetry Online)
[2026-09-14 20:17:18] [hb] updated: timestamp_ms=607 (count=1)
[2026-09-14 20:17:18] [telemetry] World state connected: player=(2488.6, -1666.9, 13.9) in_veh=false wanted=0 crime=25.0% unrest=10.0% treasury=$1000000 time=08:00
[2026-09-14 20:17:18] [telemetry] Incidents state connected: 6 slots tracked in registry
[2026-09-14 20:17:18] [hb] updated: timestamp_ms=1109 (count=2)
[2026-09-14 20:17:19] [hb] updated: timestamp_ms=1610 (count=3)
[2026-09-14 20:17:19] [hb] updated: timestamp_ms=2111 (count=4)
[2026-09-14 20:17:20] [hb] updated: timestamp_ms=2611 (count=5)
[2026-09-14 20:17:28] [hb] updated: timestamp_ms=10161 (count=20)
[2026-09-14 20:17:38] [hb] updated: timestamp_ms=20261 (count=40)
[2026-09-14 20:17:48] [hb] updated: timestamp_ms=30377 (count=60)
[2026-09-14 20:30:41] [init] Municipal AI started successfully (Phase 3 Decision Engine Online)
[2026-09-14 20:30:41] [hb] updated: timestamp_ms=626 (count=1)
[2026-09-14 20:30:41] [telemetry] World state connected: player=(2488.6, -1666.9, 13.8) in_veh=false wanted=0 crime=25.0% unrest=10.0% treasury=$1000000 time=08:00
[2026-09-14 20:30:41] [telemetry] Incidents state connected: 6 slots tracked in registry
[2026-09-14 20:30:41] [hb] updated: timestamp_ms=1126 (count=2)
[2026-09-14 20:30:42] [hb] updated: timestamp_ms=1627 (count=3)
[2026-09-14 20:30:42] [hb] updated: timestamp_ms=2127 (count=4)
[2026-09-14 20:30:43] [hb] updated: timestamp_ms=2628 (count=5)
[2026-09-14 20:32:48] [hb] updated: timestamp_ms=10205 (count=20)
[2026-09-14 20:37:44] [hb] updated: timestamp_ms=20321 (count=40)
[2026-09-14 20:39:57] [init] Municipal AI started successfully (Phase 3 Decision Engine Online)
[2026-09-14 20:39:58] [hb] updated: timestamp_ms=626 (count=1)
[2026-09-14 20:39:58] [telemetry] World state connected: player=(2488.6, -1666.9, 13.8) in_veh=false wanted=0 crime=25.0% unrest=10.0% treasury=$1000000 time=08:00
[2026-09-14 20:39:58] [telemetry] Incidents state connected: 6 slots tracked in registry
[2026-09-14 20:39:58] [eval] SKIP ganton_riot: player too close (3.5m < 15.0m)
[2026-09-14 20:39:58] [hb] updated: timestamp_ms=1127 (count=2)
[2026-09-14 20:39:58] [eval] SKIP ganton_riot: player too close (3.5m < 15.0m)
[2026-09-14 20:39:59] [hb] updated: timestamp_ms=1628 (count=3)
[2026-09-14 20:39:59] [eval] SKIP ganton_riot: player too close (3.5m < 15.0m)
[2026-09-14 20:39:59] [hb] updated: timestamp_ms=2128 (count=4)
[2026-09-14 20:39:59] [eval] SKIP ganton_riot: player too close (3.5m < 15.0m)
[2026-09-14 20:40:00] [hb] updated: timestamp_ms=2629 (count=5)
[2026-09-14 20:40:00] [eval] SKIP ganton_riot: player too close (3.5m < 15.0m)
[2026-09-14 20:40:00] [eval] SKIP ganton_riot: player too close (3.5m < 15.0m)
[2026-09-14 20:40:01] [eval] SKIP ganton_riot: player too close (3.2m < 15.0m)
[2026-09-14 20:40:01] [eval] SPAWN ganton_riot id=1000 pos=(2490.0, -1670.0, 13.3) (crime=25.0% > 75%)
[2026-09-14 20:40:01] [dispatch] Dispatched 1 command(s) to ASI via municipal_commands.json
[2026-09-14 20:40:02] [eval] SKIP ganton_riot: max active reached (1/1)
[2026-09-14 20:40:02] [eval] SKIP ganton_riot: max active reached (1/1)
[2026-09-14 20:40:03] [eval] SKIP ganton_riot: max active reached (1/1)
[2026-09-14 20:40:03] [eval] SKIP ganton_riot: max active reached (1/1)
[2026-09-14 20:40:04] [eval] SKIP ganton_riot: max active reached (1/1)
[2026-09-14 20:40:04] [eval] SKIP ganton_riot: max active reached (1/1)
[2026-09-14 20:40:05] [eval] SKIP ganton_riot: max active reached (1/1)
[2026-09-14 20:40:05] [eval] SKIP ganton_riot: max active reached (1/1)
[2026-09-14 20:40:06] [eval] SKIP ganton_riot: max active reached (1/1)
[2026-09-14 20:40:06] [eval] SKIP ganton_riot: max active reached (1/1)
[2026-09-14 20:40:07] [eval] SKIP ganton_riot: max active reached (1/1)
[2026-09-14 20:40:07] [hb] updated: timestamp_ms=10169 (count=20)
[2026-09-14 20:40:07] [eval] SKIP ganton_riot: max active reached (1/1)
[2026-09-14 20:40:08] [eval] SKIP ganton_riot: max active reached (1/1)
[2026-09-14 20:40:13] [eval] SKIP ganton_riot: max active reached (1/1)
[2026-09-14 20:40:14] [eval] SKIP ganton_riot: max active reached (1/1)
[2026-09-14 20:40:14] [eval] SKIP ganton_riot: max active reached (1/1)
[2026-09-14 20:40:15] [eval] SKIP ganton_riot: max active reached (1/1)
[2026-09-14 20:40:15] [eval] SKIP ganton_riot: max active reached (1/1)
[2026-09-14 20:40:16] [eval] SKIP ganton_riot: max active reached (1/1)
[2026-09-14 20:40:16] [eval] SKIP ganton_riot: max active reached (1/1)
[2026-09-14 20:40:17] [eval] SKIP ganton_riot: max active reached (1/1)
[2026-09-14 20:40:17] [eval] SKIP ganton_riot: max active reached (1/1)
[2026-09-14 20:40:18] [eval] SKIP ganton_riot: max active reached (1/1)
[2026-09-14 20:40:18] [eval] SKIP ganton_riot: max active reached (1/1)
[2026-09-14 20:40:19] [eval] SKIP ganton_riot: max active reached (1/1)
[2026-09-14 20:44:24] [init] Municipal AI started successfully (Phase 3 Decision Engine Online)
[2026-09-14 20:44:24] [hb] updated: timestamp_ms=625 (count=1)
[2026-09-14 20:44:24] [telemetry] World state connected: player=(2488.6, -1666.9, 13.8) in_veh=false wanted=0 crime=25.0% unrest=10.0% treasury=$1000000 time=08:00
[2026-09-14 20:44:24] [telemetry] Incidents state connected: 6 slots tracked in registry
[2026-09-14 20:44:24] [hb] updated: timestamp_ms=1128 (count=2)
[2026-09-14 20:44:25] [hb] updated: timestamp_ms=1629 (count=3)
[2026-09-14 20:44:25] [hb] updated: timestamp_ms=2129 (count=4)
[2026-09-14 20:44:26] [hb] updated: timestamp_ms=2629 (count=5)
[2026-09-14 20:44:33] [hb] updated: timestamp_ms=10153 (count=20)
[2026-09-14 21:14:20] [init] Municipal AI started successfully (Phase 3 Decision Engine Online)
[2026-09-14 21:14:20] [hb] updated: timestamp_ms=627 (count=1)
[2026-09-14 21:14:20] [telemetry] World state connected: player=(2488.6, -1666.9, 13.8) in_veh=false wanted=0 crime=25.0% unrest=10.0% treasury=$1000000 time=08:00
[2026-09-14 21:14:20] [telemetry] Incidents state connected: 6 slots tracked in registry
[2026-09-14 21:14:21] [hb] updated: timestamp_ms=1127 (count=2)
[2026-09-14 21:14:21] [hb] updated: timestamp_ms=1627 (count=3)
[2026-09-14 21:14:22] [hb] updated: timestamp_ms=2128 (count=4)
[2026-09-14 21:14:22] [hb] updated: timestamp_ms=2628 (count=5)
[2026-09-14 22:16:43] [init] Municipal AI started successfully (Phase 3 Decision Engine Online)
[2026-09-14 22:16:54] [hb] updated: timestamp_ms=606 (count=1)
[2026-09-14 22:16:54] [telemetry] World state connected: player=(2488.6, -1666.9, 13.9) in_veh=false wanted=0 crime=25.0% unrest=10.0% treasury=$1000000 time=08:00
[2026-09-14 22:16:54] [telemetry] Incidents state connected: 6 slots tracked in registry
[2026-09-14 22:16:54] [hb] updated: timestamp_ms=1109 (count=2)
[2026-09-14 22:16:55] [hb] updated: timestamp_ms=1610 (count=3)
[2026-09-14 22:16:55] [hb] updated: timestamp_ms=2110 (count=4)
[2026-09-14 22:16:56] [hb] updated: timestamp_ms=2611 (count=5)
[2026-09-14 22:17:03] [hb] updated: timestamp_ms=10137 (count=20)
[2026-09-14 22:17:13] [hb] updated: timestamp_ms=20217 (count=40)
[2026-09-14 22:17:23] [hb] updated: timestamp_ms=30276 (count=60)
[2026-09-14 22:17:34] [hb] updated: timestamp_ms=40394 (count=80)
[2026-09-14 22:18:17] [event] incident_cleanup id=880 -> total_handled=1
[2026-09-14 22:18:17] [event] incident_cleanup id=888 -> total_handled=2
[2026-09-14 22:18:17] [eval] CLEANUP roadblock id=880 (crime_rate=25.0% < 40%)
[2026-09-14 22:18:17] [eval] CLEANUP roadblock id=777 (crime_rate=25.0% < 40%)
[2026-09-14 22:18:17] [eval] CLEANUP roadblock id=888 (crime_rate=25.0% < 40%)
[2026-09-14 22:18:17] [eval] CLEANUP union_strike id=999 (social_unrest=10.0% < 30%)
[2026-09-14 22:18:17] [dispatch] Dispatched 4 command(s) to ASI via municipal_commands.json
[2026-09-14 22:18:18] [event] incident_cleanup id=880 -> total_handled=3
[2026-09-14 22:18:18] [event] incident_cleanup id=777 -> total_handled=4
[2026-09-14 22:18:18] [event] incident_cleanup id=888 -> total_handled=5
[2026-09-14 22:18:18] [event] incident_cleanup id=999 -> total_handled=6
[2026-09-14 22:18:31] [hb] updated: timestamp_ms=50515 (count=100)
[2026-09-14 22:18:51] [hb] updated: timestamp_ms=60595 (count=120)
[2026-09-14 22:19:20] [hb] updated: timestamp_ms=70703 (count=140)
[2026-09-14 22:19:30] [hb] updated: timestamp_ms=80810 (count=160)
[2026-09-14 22:19:40] [hb] updated: timestamp_ms=90903 (count=180)
[2026-09-14 22:19:50] [hb] updated: timestamp_ms=100985 (count=200)
[2026-09-14 22:20:01] [hb] updated: timestamp_ms=111092 (count=220)
[2026-09-14 22:20:11] [hb] updated: timestamp_ms=121190 (count=240)
[2026-09-14 22:20:30] [event] incident_cleanup id=880 -> total_handled=7
[2026-09-14 22:20:30] [event] incident_cleanup id=888 -> total_handled=8
[2026-09-14 22:20:30] [eval] CLEANUP roadblock id=880 (crime_rate=25.0% < 40%)
[2026-09-14 22:20:30] [eval] CLEANUP roadblock id=777 (crime_rate=25.0% < 40%)
[2026-09-14 22:20:30] [eval] CLEANUP union_strike id=999 (social_unrest=10.0% < 30%)
[2026-09-14 22:20:30] [eval] CLEANUP roadblock id=888 (crime_rate=25.0% < 40%)
[2026-09-14 22:20:30] [dispatch] Dispatched 4 command(s) to ASI via municipal_commands.json
[2026-09-14 22:20:30] [event] incident_cleanup id=880 -> total_handled=9
[2026-09-14 22:20:30] [event] incident_cleanup id=777 -> total_handled=10
[2026-09-14 22:20:30] [event] incident_cleanup id=999 -> total_handled=11
[2026-09-14 22:20:30] [event] incident_cleanup id=888 -> total_handled=12
[2026-09-14 22:20:31] [hb] updated: timestamp_ms=131274 (count=260)
[2026-09-14 22:21:19] [hb] updated: timestamp_ms=141351 (count=280)
[2026-09-14 22:21:29] [hb] updated: timestamp_ms=151422 (count=300)
[2026-09-14 22:21:39] [hb] updated: timestamp_ms=161503 (count=320)
[2026-09-14 22:22:12] [hb] updated: timestamp_ms=171572 (count=340)
[2026-09-14 22:22:22] [hb] updated: timestamp_ms=181638 (count=360)
[2026-09-14 22:22:33] [hb] updated: timestamp_ms=191741 (count=380)
[2026-09-14 22:22:43] [hb] updated: timestamp_ms=201847 (count=400)
[2026-09-14 22:22:53] [hb] updated: timestamp_ms=211924 (count=420)
[2026-09-14 22:23:04] [hb] updated: timestamp_ms=222020 (count=440)
[2026-09-14 22:23:14] [hb] updated: timestamp_ms=232105 (count=460)
[2026-09-14 22:23:24] [hb] updated: timestamp_ms=242180 (count=480)
[2026-09-14 22:23:34] [hb] updated: timestamp_ms=252263 (count=500)
[2026-09-14 22:23:44] [hb] updated: timestamp_ms=262379 (count=520)
[2026-09-14 22:23:54] [hb] updated: timestamp_ms=272448 (count=540)
[2026-09-14 22:24:04] [hb] updated: timestamp_ms=282540 (count=560)
[2026-09-14 22:24:14] [hb] updated: timestamp_ms=292606 (count=580)
[2026-09-14 22:24:30] [hb] updated: timestamp_ms=302696 (count=600)
[2026-09-14 22:24:40] [hb] updated: timestamp_ms=312761 (count=620)
[2026-09-14 22:24:50] [hb] updated: timestamp_ms=322840 (count=640)
[2026-09-14 22:25:00] [hb] updated: timestamp_ms=332947 (count=660)
[2026-09-14 22:25:10] [hb] updated: timestamp_ms=343038 (count=680)
[2026-09-14 22:25:20] [hb] updated: timestamp_ms=353104 (count=700)
[2026-09-14 22:25:31] [hb] updated: timestamp_ms=363183 (count=720)
[2026-09-14 22:25:41] [hb] updated: timestamp_ms=373281 (count=740)
[2026-09-14 22:25:51] [hb] updated: timestamp_ms=383330 (count=760)
[2026-09-14 22:26:01] [hb] updated: timestamp_ms=393392 (count=780)
[2026-09-14 22:26:11] [hb] updated: timestamp_ms=403489 (count=800)
[2026-09-14 22:26:21] [hb] updated: timestamp_ms=413582 (count=820)
[2026-09-14 22:26:31] [hb] updated: timestamp_ms=423690 (count=840)
[2026-09-14 22:26:41] [hb] updated: timestamp_ms=433758 (count=860)
[2026-09-14 22:26:52] [hb] updated: timestamp_ms=443847 (count=880)
[2026-09-14 22:27:02] [hb] updated: timestamp_ms=453931 (count=900)
[2026-09-14 22:27:12] [hb] updated: timestamp_ms=464032 (count=920)
[2026-09-14 22:27:26] [hb] updated: timestamp_ms=474122 (count=940)
[2026-09-14 22:27:36] [hb] updated: timestamp_ms=484231 (count=960)
[2026-09-14 22:27:46] [hb] updated: timestamp_ms=494343 (count=980)
[2026-09-14 22:27:56] [hb] updated: timestamp_ms=504428 (count=1000)
[2026-09-14 22:28:06] [hb] updated: timestamp_ms=514503 (count=1020)
[2026-09-14 22:28:16] [hb] updated: timestamp_ms=524586 (count=1040)
[2026-09-14 22:28:26] [hb] updated: timestamp_ms=534660 (count=1060)
[2026-09-14 22:28:36] [hb] updated: timestamp_ms=544747 (count=1080)
[2026-09-14 22:29:09] [hb] updated: timestamp_ms=554854 (count=1100)
[2026-09-14 22:29:19] [hb] updated: timestamp_ms=564951 (count=1120)
[2026-09-14 22:29:29] [hb] updated: timestamp_ms=575057 (count=1140)
[2026-09-14 22:29:39] [hb] updated: timestamp_ms=585154 (count=1160)
[2026-09-14 22:29:50] [hb] updated: timestamp_ms=595243 (count=1180)
[2026-09-14 22:30:00] [hb] updated: timestamp_ms=605322 (count=1200)
[2026-09-14 22:30:10] [hb] updated: timestamp_ms=615386 (count=1220)
[2026-09-14 22:30:20] [hb] updated: timestamp_ms=625459 (count=1240)
[2026-09-14 22:30:30] [hb] updated: timestamp_ms=635551 (count=1260)
[2026-09-14 22:30:40] [hb] updated: timestamp_ms=645627 (count=1280)
[2026-09-14 22:30:50] [hb] updated: timestamp_ms=655698 (count=1300)
[2026-09-14 22:31:00] [hb] updated: timestamp_ms=665775 (count=1320)
[2026-09-14 22:31:10] [hb] updated: timestamp_ms=675845 (count=1340)
[2026-09-14 22:31:20] [hb] updated: timestamp_ms=685908 (count=1360)
[2026-09-14 22:31:30] [hb] updated: timestamp_ms=695989 (count=1380)
[2026-09-14 22:31:40] [hb] updated: timestamp_ms=706090 (count=1400)
[2026-09-14 22:31:50] [hb] updated: timestamp_ms=716174 (count=1420)
[2026-09-14 22:32:01] [hb] updated: timestamp_ms=726253 (count=1440)
[2026-09-14 22:32:11] [hb] updated: timestamp_ms=736351 (count=1460)
[2026-09-14 22:32:21] [hb] updated: timestamp_ms=746452 (count=1480)
[2026-09-14 22:32:31] [hb] updated: timestamp_ms=756536 (count=1500)
[2026-09-14 22:32:41] [hb] updated: timestamp_ms=766628 (count=1520)
[2026-09-14 22:32:51] [hb] updated: timestamp_ms=776746 (count=1540)
[2026-09-14 22:33:01] [hb] updated: timestamp_ms=786816 (count=1560)
[2026-09-14 22:33:11] [hb] updated: timestamp_ms=796883 (count=1580)
[2026-09-14 22:33:21] [hb] updated: timestamp_ms=806966 (count=1600)
[2026-09-14 22:33:31] [hb] updated: timestamp_ms=817032 (count=1620)
[2026-09-14 22:33:41] [hb] updated: timestamp_ms=827096 (count=1640)
[2026-09-14 22:33:51] [hb] updated: timestamp_ms=837181 (count=1660)
[2026-09-14 22:34:02] [hb] updated: timestamp_ms=847259 (count=1680)
[2026-09-14 22:34:12] [hb] updated: timestamp_ms=857366 (count=1700)
[2026-09-14 22:34:22] [hb] updated: timestamp_ms=867478 (count=1720)
[2026-09-14 22:34:32] [hb] updated: timestamp_ms=877553 (count=1740)
[2026-09-14 22:34:42] [hb] updated: timestamp_ms=887615 (count=1760)
[2026-09-14 22:35:51] [hb] updated: timestamp_ms=897719 (count=1780)
[2026-09-14 22:36:01] [hb] updated: timestamp_ms=907823 (count=1800)
[2026-09-14 22:36:11] [hb] updated: timestamp_ms=917893 (count=1820)
[2026-09-14 22:36:21] [hb] updated: timestamp_ms=927987 (count=1840)
[2026-09-14 22:36:31] [hb] updated: timestamp_ms=938083 (count=1860)
[2026-09-14 22:36:41] [hb] updated: timestamp_ms=948152 (count=1880)
[2026-09-14 22:36:51] [hb] updated: timestamp_ms=958229 (count=1900)
[2026-09-14 22:37:02] [hb] updated: timestamp_ms=968315 (count=1920)
[2026-09-14 22:37:12] [hb] updated: timestamp_ms=978405 (count=1940)
[2026-09-14 22:37:22] [hb] updated: timestamp_ms=988486 (count=1960)
[2026-09-14 22:37:32] [hb] updated: timestamp_ms=998572 (count=1980)
[2026-09-14 22:37:42] [hb] updated: timestamp_ms=1008659 (count=2000)
[2026-09-14 22:37:52] [hb] updated: timestamp_ms=1018746 (count=2020)
[2026-09-14 22:38:02] [hb] updated: timestamp_ms=1028805 (count=2040)
[2026-09-14 22:38:12] [hb] updated: timestamp_ms=1038898 (count=2060)
[2026-09-14 22:38:22] [hb] updated: timestamp_ms=1048999 (count=2080)
[2026-09-14 22:38:32] [hb] updated: timestamp_ms=1059072 (count=2100)
[2026-09-14 22:38:42] [hb] updated: timestamp_ms=1069144 (count=2120)
[2026-09-14 22:38:52] [hb] updated: timestamp_ms=1079222 (count=2140)
[2026-09-14 22:39:03] [hb] updated: timestamp_ms=1089317 (count=2160)
[2026-09-14 22:39:13] [hb] updated: timestamp_ms=1099424 (count=2180)
[2026-09-14 22:39:46] [hb] updated: timestamp_ms=1109493 (count=2200)
[2026-09-15 18:10:21] [init] Municipal AI started successfully (Phase 3 Decision Engine Online)
[2026-09-15 18:10:22] [hb] updated: timestamp_ms=662 (count=1)
[2026-09-15 18:10:22] [telemetry] World state connected: player=(2488.6, -1666.9, 13.8) in_veh=false wanted=0 crime=25.0% unrest=10.0% treasury=$1000000 time=08:00
[2026-09-15 18:10:22] [telemetry] Incidents state connected: 6 slots tracked in registry
[2026-09-15 18:10:22] [hb] updated: timestamp_ms=1166 (count=2)
[2026-09-15 18:10:23] [hb] updated: timestamp_ms=1666 (count=3)
[2026-09-15 18:10:23] [hb] updated: timestamp_ms=2166 (count=4)
[2026-09-15 18:10:24] [hb] updated: timestamp_ms=2667 (count=5)
[2026-09-15 18:10:31] [hb] updated: timestamp_ms=10232 (count=20)
[2026-09-15 18:11:07] [ERROR] readWebActions failed: D:\Grand Theft Auto San Andreas\moonloader\municipal_ai.lua:464: attempt to call global 'isPlayerTooClose' (a nil value)
[2026-09-15 18:11:16] [hb] updated: timestamp_ms=20337 (count=40)
[2026-09-15 18:11:40] [hb] updated: timestamp_ms=30480 (count=60)
[2026-09-15 18:11:49] [ERROR] readWebActions failed: D:\Grand Theft Auto San Andreas\moonloader\municipal_ai.lua:464: attempt to call global 'isPlayerTooClose' (a nil value)
[2026-09-15 18:11:52] [hb] updated: timestamp_ms=40578 (count=80)
[2026-09-15 18:52:08] [init] Municipal AI started successfully (Phase 3 Decision Engine Online)
[2026-09-15 18:52:08] [telemetry] World state connected: player=(2488.6, -1666.9, 13.8) in_veh=false wanted=0 crime=25.0% unrest=10.0% treasury=$1000000 time=08:00
[2026-09-15 18:52:08] [telemetry] Incidents state connected: 6 slots tracked in registry
[2026-09-15 18:52:08] [hb] updated: timestamp_ms=626 (count=1)
[2026-09-15 18:52:08] [hb] updated: timestamp_ms=1129 (count=2)
[2026-09-15 18:52:09] [hb] updated: timestamp_ms=1629 (count=3)
[2026-09-15 18:52:09] [hb] updated: timestamp_ms=2129 (count=4)
[2026-09-15 18:52:10] [hb] updated: timestamp_ms=2630 (count=5)
[2026-09-15 18:52:37] [web_action] spawn_strike manual id=1000 pos=(1782.0, -1901.0, 12.0)
[2026-09-15 18:52:37] [web_action] spawn_incident manual riot id=1001 pos=(2116.0, -1770.0, 13.0)
[2026-09-15 18:52:37] [web_action] spawn_roadblock manual id=1002 pos=(1936.0, -1612.0, 12.0)
[2026-09-15 18:52:37] [web_action] spike_crime applied -> crime_rate=75.0
[2026-09-15 18:52:37] [dispatch] Dispatched 3 command(s) to ASI via municipal_commands.json
[2026-09-15 18:52:37] [eval] SPAWN roadblock id=1003 pos=(1491.0, -1740.0, 13.0) (crime=75.0% > 60%, fuel=40 > 15)
[2026-09-15 18:52:37] [dispatch] Dispatched 1 command(s) to ASI via municipal_commands.json
[2026-09-15 18:52:37] [eval] SKIP roadblock: on cooldown (30 sec left)
[2026-09-15 18:52:38] [eval] SKIP roadblock: on cooldown (29 sec left)
[2026-09-15 18:52:42] [eval] SKIP roadblock: on cooldown (29 sec left)
[2026-09-15 18:52:42] [eval] SKIP roadblock: on cooldown (28 sec left)
[2026-09-15 18:52:43] [eval] SKIP roadblock: on cooldown (28 sec left)
[2026-09-15 18:52:43] [eval] SKIP roadblock: on cooldown (27 sec left)
[2026-09-15 18:52:44] [hb] updated: timestamp_ms=10168 (count=20)
[2026-09-15 18:52:44] [eval] SKIP roadblock: on cooldown (27 sec left)
[2026-09-15 18:52:44] [eval] SKIP roadblock: on cooldown (26 sec left)
[2026-09-15 18:52:45] [eval] SKIP roadblock: on cooldown (26 sec left)
[2026-09-15 18:52:45] [eval] SKIP roadblock: on cooldown (25 sec left)
[2026-09-15 18:52:46] [eval] SKIP roadblock: on cooldown (25 sec left)
[2026-09-15 18:52:46] [eval] SKIP roadblock: on cooldown (24 sec left)
[2026-09-15 18:52:47] [eval] SKIP roadblock: on cooldown (24 sec left)
[2026-09-15 18:52:47] [eval] SKIP roadblock: on cooldown (23 sec left)
[2026-09-15 18:52:48] [eval] SKIP roadblock: on cooldown (23 sec left)
[2026-09-15 18:52:48] [eval] SKIP roadblock: on cooldown (22 sec left)
[2026-09-15 18:52:49] [eval] SKIP roadblock: on cooldown (22 sec left)
[2026-09-15 18:52:49] [eval] SKIP roadblock: on cooldown (21 sec left)
[2026-09-15 18:52:50] [eval] SKIP roadblock: on cooldown (21 sec left)
[2026-09-15 18:52:50] [eval] SKIP roadblock: on cooldown (20 sec left)
[2026-09-15 18:52:51] [eval] SKIP roadblock: on cooldown (20 sec left)
[2026-09-15 18:52:51] [eval] SKIP roadblock: on cooldown (19 sec left)
[2026-09-15 18:52:52] [eval] SKIP roadblock: on cooldown (19 sec left)
[2026-09-15 18:52:52] [eval] SKIP roadblock: on cooldown (18 sec left)
[2026-09-15 18:52:53] [eval] SKIP roadblock: on cooldown (18 sec left)
[2026-09-15 18:52:53] [eval] SKIP roadblock: on cooldown (17 sec left)
[2026-09-15 18:52:54] [hb] updated: timestamp_ms=20231 (count=40)
[2026-09-15 18:52:54] [eval] SKIP roadblock: on cooldown (17 sec left)
[2026-09-15 18:52:54] [eval] SKIP roadblock: on cooldown (16 sec left)
[2026-09-15 18:52:55] [eval] SKIP roadblock: on cooldown (16 sec left)
[2026-09-15 18:52:55] [eval] SKIP roadblock: on cooldown (15 sec left)
[2026-09-15 18:52:56] [eval] SKIP roadblock: on cooldown (15 sec left)
[2026-09-15 18:52:56] [eval] SKIP roadblock: on cooldown (14 sec left)
[2026-09-15 18:52:57] [eval] SKIP roadblock: on cooldown (14 sec left)
[2026-09-15 18:52:57] [eval] SKIP roadblock: on cooldown (13 sec left)
[2026-09-15 18:52:58] [eval] SKIP roadblock: on cooldown (13 sec left)
[2026-09-15 18:52:58] [eval] SKIP roadblock: on cooldown (12 sec left)
[2026-09-15 18:52:59] [eval] SKIP roadblock: on cooldown (12 sec left)
[2026-09-15 18:52:59] [eval] SKIP roadblock: on cooldown (11 sec left)
[2026-09-15 18:53:00] [eval] SKIP roadblock: on cooldown (11 sec left)
[2026-09-15 18:53:00] [eval] SKIP roadblock: on cooldown (10 sec left)
[2026-09-15 18:53:01] [eval] SKIP roadblock: on cooldown (10 sec left)
[2026-09-15 18:53:01] [eval] SKIP roadblock: on cooldown (9 sec left)
[2026-09-15 18:53:02] [eval] SKIP roadblock: on cooldown (9 sec left)
[2026-09-15 18:53:13] [web_action] spawn_roadblock manual id=1004 pos=(1454.0, -1748.0, 13.0)
[2026-09-15 18:53:13] [web_action] spawn_roadblock manual id=1005 pos=(1497.0, -1592.0, 12.0)
[2026-09-15 18:53:13] [web_action] spawn_roadblock manual id=1006 pos=(1521.0, -1731.0, 12.0)
[2026-09-15 18:53:13] [web_action] spawn_roadblock manual id=1007 pos=(1823.0, -1744.0, 12.0)
[2026-09-15 18:53:13] [web_action] spawn_roadblock manual id=1008 pos=(1690.0, -1759.0, 12.0)
[2026-09-15 18:53:13] [dispatch] Dispatched 5 command(s) to ASI via municipal_commands.json
[2026-09-15 18:53:13] [eval] SKIP roadblock: on cooldown (8 sec left)
[2026-09-15 18:53:14] [eval] SKIP roadblock: max active reached (6/3)
[2026-09-15 18:53:14] [eval] SKIP roadblock: max active reached (6/3)
[2026-09-15 18:53:15] [hb] updated: timestamp_ms=30323 (count=60)
[2026-09-15 18:53:15] [eval] SKIP roadblock: max active reached (6/3)
[2026-09-15 18:53:15] [eval] SKIP roadblock: max active reached (6/3)
[2026-09-15 18:53:16] [eval] SKIP roadblock: max active reached (6/3)
[2026-09-15 18:53:16] [eval] SKIP roadblock: max active reached (6/3)
[2026-09-15 18:53:17] [eval] SKIP roadblock: max active reached (6/3)
[2026-09-15 18:53:17] [eval] SKIP roadblock: max active reached (6/3)
[2026-09-15 18:53:18] [eval] SKIP roadblock: max active reached (6/3)
[2026-09-15 18:53:18] [eval] SKIP roadblock: max active reached (6/3)
[2026-09-15 18:53:19] [eval] SKIP roadblock: max active reached (6/3)
[2026-09-15 18:53:19] [eval] SKIP roadblock: max active reached (6/3)
[2026-09-15 18:53:20] [eval] SKIP roadblock: max active reached (6/3)
[2026-09-15 18:53:20] [eval] SKIP roadblock: max active reached (6/3)
[2026-09-15 18:53:21] [eval] SKIP roadblock: max active reached (6/3)
[2026-09-15 18:53:21] [eval] SKIP roadblock: max active reached (6/3)
[2026-09-15 18:53:22] [eval] SKIP roadblock: max active reached (6/3)
[2026-09-15 18:53:22] [eval] SKIP roadblock: max active reached (6/3)
[2026-09-15 18:53:23] [eval] SKIP roadblock: max active reached (6/3)
[2026-09-15 18:53:23] [eval] SKIP roadblock: max active reached (6/3)
[2026-09-15 18:53:24] [eval] SKIP roadblock: max active reached (6/3)
[2026-09-15 18:53:24] [eval] SKIP roadblock: max active reached (6/3)
[2026-09-15 18:53:25] [hb] updated: timestamp_ms=40401 (count=80)
[2026-09-15 18:53:25] [eval] SKIP roadblock: max active reached (6/3)
[2026-09-15 18:53:25] [eval] SKIP roadblock: max active reached (6/3)
[2026-09-15 18:53:26] [eval] SKIP roadblock: max active reached (6/3)
[2026-09-15 18:53:26] [eval] SKIP roadblock: max active reached (6/3)
[2026-09-15 18:53:27] [eval] SKIP roadblock: max active reached (6/3)
[2026-09-15 18:53:27] [eval] SKIP roadblock: max active reached (6/3)
[2026-09-15 18:53:28] [eval] SKIP roadblock: max active reached (6/3)
[2026-09-15 18:53:28] [eval] SKIP roadblock: max active reached (6/3)
[2026-09-15 18:53:29] [eval] SKIP roadblock: max active reached (6/3)
[2026-09-15 18:53:29] [eval] SKIP roadblock: max active reached (6/3)
[2026-09-15 18:53:30] [eval] SKIP roadblock: max active reached (6/3)
[2026-09-15 18:53:30] [eval] SKIP roadblock: max active reached (6/3)
[2026-09-15 18:53:31] [eval] SKIP roadblock: max active reached (6/3)
[2026-09-15 18:53:31] [eval] SKIP roadblock: max active reached (6/3)
[2026-09-15 18:53:32] [eval] SKIP roadblock: max active reached (6/3)
[2026-09-15 18:53:32] [eval] SKIP roadblock: max active reached (6/3)
[2026-09-15 18:53:33] [eval] SKIP roadblock: max active reached (6/3)
[2026-09-15 18:53:33] [eval] SKIP roadblock: max active reached (6/3)
[2026-09-15 18:53:34] [eval] SKIP roadblock: max active reached (6/3)
[2026-09-15 18:53:34] [eval] SKIP roadblock: max active reached (6/3)
[2026-09-15 18:53:38] [hb] updated: timestamp_ms=50481 (count=100)
[2026-09-15 18:53:38] [eval] SKIP roadblock: max active reached (6/3)
[2026-09-15 18:53:39] [eval] SKIP roadblock: max active reached (6/3)
[2026-09-15 18:53:39] [eval] SKIP roadblock: max active reached (6/3)
[2026-09-15 18:53:40] [eval] SKIP roadblock: max active reached (6/3)
[2026-09-15 18:53:40] [eval] SKIP roadblock: max active reached (6/3)
[2026-09-15 18:53:41] [eval] SKIP roadblock: max active reached (6/3)
[2026-09-15 18:53:41] [eval] SKIP roadblock: max active reached (6/3)
[2026-09-15 18:53:44] [eval] SKIP roadblock: max active reached (6/3)
[2026-09-15 18:53:45] [eval] SKIP roadblock: max active reached (6/3)
[2026-09-15 18:53:45] [eval] SKIP roadblock: max active reached (6/3)
[2026-09-15 18:53:46] [eval] SKIP roadblock: max active reached (6/3)
[2026-09-15 18:53:46] [eval] SKIP roadblock: max active reached (6/3)
[2026-09-15 18:53:47] [eval] SKIP roadblock: max active reached (6/3)
[2026-09-15 18:53:47] [eval] SKIP roadblock: max active reached (6/3)
[2026-09-15 18:53:48] [eval] SKIP roadblock: max active reached (6/3)
[2026-09-15 18:53:51] [eval] SKIP roadblock: max active reached (6/3)
[2026-09-15 18:53:52] [eval] SKIP roadblock: max active reached (6/3)
[2026-09-15 18:53:52] [eval] SKIP roadblock: max active reached (6/3)
[2026-09-15 18:53:53] [eval] SKIP roadblock: max active reached (6/3)
[2026-09-15 18:53:53] [eval] SKIP roadblock: max active reached (6/3)
[2026-09-15 18:53:54] [hb] updated: timestamp_ms=60564 (count=120)
[2026-09-15 18:53:54] [eval] SKIP roadblock: max active reached (6/3)
[2026-09-15 18:53:54] [eval] SKIP roadblock: max active reached (6/3)
[2026-09-15 18:53:55] [eval] SKIP roadblock: max active reached (6/3)
[2026-09-15 18:53:55] [eval] SKIP roadblock: max active reached (6/3)
[2026-09-15 18:53:56] [eval] SKIP roadblock: max active reached (6/3)
[2026-09-15 18:53:56] [eval] SKIP roadblock: max active reached (6/3)
[2026-09-15 18:53:57] [eval] SKIP roadblock: max active reached (6/3)
[2026-09-15 18:53:57] [eval] SKIP roadblock: max active reached (6/3)
[2026-09-15 18:53:58] [eval] SKIP roadblock: max active reached (6/3)
[2026-09-15 18:53:58] [eval] SKIP roadblock: max active reached (6/3)
[2026-09-15 18:53:59] [eval] SKIP roadblock: max active reached (6/3)
[2026-09-15 18:53:59] [eval] SKIP roadblock: max active reached (6/3)
[2026-09-15 18:54:00] [eval] SKIP roadblock: max active reached (6/3)
[2026-09-15 18:54:00] [eval] SKIP roadblock: max active reached (5/3)
[2026-09-15 18:54:03] [eval] SKIP roadblock: max active reached (5/3)
[2026-09-15 18:54:10] [web_action] spawn_strike manual id=1009 pos=(1782.0, -1901.0, 12.0)
[2026-09-15 18:54:10] [web_action] spawn_strike manual id=1010 pos=(1387.0, -1743.0, 12.0)
[2026-09-15 18:54:10] [web_action] spawn_strike manual id=1011 pos=(1789.0, -1596.0, 13.0)
[2026-09-15 18:54:10] [web_action] spawn_strike manual id=1012 pos=(1543.0, -1720.0, 13.0)
[2026-09-15 18:54:10] [web_action] spawn_strike manual id=1013 pos=(1389.0, -1861.0, 12.0)
[2026-09-15 18:54:10] [web_action] spawn_strike manual id=1014 pos=(1454.0, -1453.0, 12.0)
[2026-09-15 18:54:10] [web_action] spawn_strike manual id=1015 pos=(1328.0, -1573.0, 12.0)
[2026-09-15 18:54:10] [dispatch] Dispatched 7 command(s) to ASI via municipal_commands.json
[2026-09-15 18:54:10] [eval] SKIP roadblock: max active reached (5/3)
[2026-09-15 18:54:11] [eval] SPAWN roadblock id=1016 pos=(1491.0, -1740.0, 13.0) (crime=75.0% > 60%, fuel=36 > 15)
[2026-09-15 18:54:11] [dispatch] Dispatched 1 command(s) to ASI via municipal_commands.json
[2026-09-15 18:54:11] [eval] SKIP roadblock: on cooldown (30 sec left)
[2026-09-15 18:54:12] [eval] SKIP roadblock: on cooldown (29 sec left)
[2026-09-15 18:54:12] [eval] SKIP roadblock: on cooldown (29 sec left)
[2026-09-15 18:54:13] [hb] updated: timestamp_ms=70646 (count=140)
[2026-09-15 18:54:13] [eval] SKIP roadblock: on cooldown (28 sec left)
[2026-09-15 18:54:13] [eval] SKIP roadblock: on cooldown (28 sec left)
[2026-09-15 18:54:14] [eval] SKIP roadblock: on cooldown (27 sec left)
[2026-09-15 18:54:14] [eval] SKIP roadblock: on cooldown (27 sec left)
[2026-09-15 18:54:15] [eval] SKIP roadblock: on cooldown (26 sec left)
[2026-09-15 18:54:15] [eval] SKIP roadblock: on cooldown (26 sec left)
[2026-09-15 18:54:16] [eval] SKIP roadblock: on cooldown (25 sec left)
[2026-09-15 18:54:16] [eval] SKIP roadblock: on cooldown (25 sec left)
[2026-09-15 18:54:17] [eval] SKIP roadblock: on cooldown (24 sec left)
[2026-09-15 18:54:17] [eval] SKIP roadblock: on cooldown (24 sec left)
[2026-09-15 18:54:18] [eval] SKIP roadblock: on cooldown (23 sec left)
[2026-09-15 18:54:18] [eval] SKIP roadblock: on cooldown (23 sec left)
[2026-09-15 18:54:19] [eval] SKIP roadblock: on cooldown (22 sec left)
[2026-09-15 18:54:19] [eval] SKIP roadblock: on cooldown (22 sec left)
[2026-09-15 18:54:20] [eval] SKIP roadblock: on cooldown (21 sec left)
[2026-09-15 18:54:20] [eval] SKIP roadblock: on cooldown (21 sec left)
[2026-09-15 18:54:21] [eval] SKIP roadblock: on cooldown (20 sec left)
[2026-09-15 18:54:21] [eval] SKIP roadblock: on cooldown (20 sec left)
[2026-09-15 18:54:22] [eval] SKIP roadblock: on cooldown (19 sec left)
[2026-09-15 18:54:22] [eval] SKIP roadblock: on cooldown (19 sec left)
[2026-09-15 18:54:23] [hb] updated: timestamp_ms=80712 (count=160)
[2026-09-15 18:54:23] [eval] SKIP roadblock: on cooldown (18 sec left)
[2026-09-15 18:54:23] [eval] SKIP roadblock: on cooldown (18 sec left)
[2026-09-15 18:54:24] [eval] SKIP roadblock: on cooldown (17 sec left)
[2026-09-15 18:54:24] [eval] SKIP roadblock: on cooldown (17 sec left)
[2026-09-15 18:54:25] [eval] SKIP roadblock: on cooldown (16 sec left)
[2026-09-15 18:54:25] [eval] SKIP roadblock: on cooldown (16 sec left)
[2026-09-15 18:54:26] [eval] SKIP roadblock: on cooldown (15 sec left)
[2026-09-15 18:54:26] [eval] SKIP roadblock: on cooldown (15 sec left)
[2026-09-15 18:54:27] [eval] SKIP roadblock: on cooldown (14 sec left)
[2026-09-15 18:54:27] [eval] SKIP roadblock: on cooldown (14 sec left)
[2026-09-15 18:54:28] [eval] SKIP roadblock: on cooldown (13 sec left)
[2026-09-15 18:54:28] [eval] SKIP roadblock: on cooldown (13 sec left)
[2026-09-15 18:54:29] [eval] SKIP roadblock: on cooldown (12 sec left)
[2026-09-15 18:54:29] [eval] SKIP roadblock: on cooldown (12 sec left)
[2026-09-15 18:54:30] [eval] SKIP roadblock: on cooldown (11 sec left)
[2026-09-15 18:54:30] [eval] SKIP roadblock: on cooldown (11 sec left)
[2026-09-15 18:54:31] [eval] SKIP roadblock: on cooldown (10 sec left)
[2026-09-15 18:54:34] [eval] SKIP roadblock: on cooldown (10 sec left)
[2026-09-15 18:54:34] [eval] SKIP roadblock: on cooldown (9 sec left)
[2026-09-15 18:54:35] [eval] SKIP roadblock: on cooldown (9 sec left)
[2026-09-15 18:54:35] [hb] updated: timestamp_ms=90789 (count=180)
[2026-09-15 18:54:35] [eval] SKIP roadblock: on cooldown (8 sec left)
[2026-09-15 18:54:36] [eval] SKIP roadblock: on cooldown (8 sec left)
[2026-09-15 18:54:36] [eval] SKIP roadblock: on cooldown (7 sec left)
[2026-09-15 18:54:37] [eval] SKIP roadblock: on cooldown (7 sec left)
[2026-09-15 18:54:40] [eval] SKIP roadblock: on cooldown (6 sec left)
[2026-09-15 18:54:40] [eval] SKIP roadblock: on cooldown (6 sec left)
[2026-09-15 18:54:41] [eval] SKIP roadblock: on cooldown (5 sec left)
[2026-09-15 18:54:41] [eval] SKIP roadblock: on cooldown (5 sec left)
[2026-09-15 18:54:42] [eval] SKIP roadblock: on cooldown (4 sec left)
[2026-09-15 18:54:42] [eval] SKIP roadblock: on cooldown (4 sec left)
[2026-09-15 18:54:43] [eval] SKIP roadblock: on cooldown (3 sec left)
[2026-09-15 18:54:43] [eval] SKIP roadblock: on cooldown (3 sec left)
[2026-09-15 18:54:44] [eval] SKIP roadblock: on cooldown (2 sec left)
[2026-09-15 18:54:44] [eval] SKIP roadblock: on cooldown (2 sec left)
[2026-09-15 18:54:45] [eval] SKIP roadblock: on cooldown (1 sec left)
[2026-09-15 18:54:45] [eval] SKIP roadblock: on cooldown (1 sec left)
[2026-09-15 18:54:46] [eval] SPAWN roadblock id=1017 pos=(1454.0, -1748.0, 13.0) (crime=75.0% > 60%, fuel=55 > 15)
[2026-09-15 18:54:46] [dispatch] Dispatched 1 command(s) to ASI via municipal_commands.json
[2026-09-15 18:54:46] [eval] SKIP roadblock: on cooldown (30 sec left)
[2026-09-15 18:54:47] [eval] SKIP roadblock: on cooldown (29 sec left)
[2026-09-15 18:54:47] [eval] SKIP roadblock: on cooldown (29 sec left)
[2026-09-15 18:54:48] [hb] updated: timestamp_ms=100894 (count=200)
[2026-09-15 18:54:48] [eval] SKIP roadblock: on cooldown (28 sec left)
[2026-09-15 18:54:48] [eval] SKIP roadblock: on cooldown (28 sec left)
[2026-09-15 18:54:49] [eval] SKIP roadblock: on cooldown (27 sec left)
[2026-09-15 18:54:49] [eval] SKIP roadblock: on cooldown (27 sec left)
[2026-09-15 18:54:50] [eval] SKIP roadblock: on cooldown (26 sec left)
[2026-09-15 18:54:50] [eval] SKIP roadblock: on cooldown (26 sec left)
[2026-09-15 18:54:51] [eval] SKIP roadblock: on cooldown (25 sec left)
[2026-09-15 18:54:53] [eval] SKIP roadblock: on cooldown (25 sec left)
[2026-09-15 18:54:53] [eval] SKIP roadblock: on cooldown (24 sec left)
[2026-09-15 18:54:54] [eval] SKIP roadblock: on cooldown (24 sec left)
[2026-09-15 18:54:54] [eval] SKIP roadblock: on cooldown (23 sec left)
[2026-09-15 18:54:55] [eval] SKIP roadblock: on cooldown (23 sec left)
[2026-09-15 18:55:04] [web_action] spawn_roadblock manual id=1018 pos=(1936.0, -1612.0, 12.0)
[2026-09-15 18:55:04] [web_action] spawn_strike manual id=1019 pos=(1478.0, -1707.0, 13.0)
[2026-09-15 18:55:04] [web_action] spawn_strike manual id=1020 pos=(1721.0, -1711.0, 13.0)
[2026-09-15 18:55:04] [web_action] spawn_strike manual id=1021 pos=(1782.0, -1901.0, 12.0)
[2026-09-15 18:55:04] [web_action] spawn_strike manual id=1022 pos=(1734.0, -1596.0, 12.0)
[2026-09-15 18:55:04] [web_action] spawn_strike manual id=1023 pos=(1387.0, -1743.0, 12.0)
[2026-09-15 18:55:04] [web_action] spawn_strike manual id=1024 pos=(1328.0, -1573.0, 12.0)
[2026-09-15 18:55:04] [web_action] spawn_incident manual riot id=1025 pos=(2116.0, -1770.0, 13.0)
[2026-09-15 18:55:04] [dispatch] Dispatched 8 command(s) to ASI via municipal_commands.json
[2026-09-15 18:55:04] [eval] SKIP roadblock: on cooldown (22 sec left)
[2026-09-15 18:55:05] [eval] SKIP roadblock: on cooldown (22 sec left)
[2026-09-15 18:55:05] [eval] SKIP roadblock: on cooldown (21 sec left)
[2026-09-15 18:55:06] [eval] SKIP roadblock: on cooldown (21 sec left)
[2026-09-15 18:55:06] [eval] SKIP roadblock: on cooldown (20 sec left)
[2026-09-15 18:55:07] [eval] SKIP roadblock: on cooldown (20 sec left)
[2026-09-15 18:55:11] [eval] SKIP roadblock: on cooldown (19 sec left)
[2026-09-15 18:55:11] [eval] SKIP roadblock: on cooldown (19 sec left)
[2026-09-15 18:55:12] [hb] updated: timestamp_ms=110986 (count=220)
[2026-09-15 18:55:12] [eval] SKIP roadblock: on cooldown (18 sec left)
[2026-09-15 18:55:12] [eval] SKIP roadblock: on cooldown (18 sec left)
[2026-09-15 18:55:13] [eval] SKIP roadblock: on cooldown (17 sec left)
[2026-09-15 18:55:13] [eval] SKIP roadblock: on cooldown (17 sec left)
[2026-09-15 18:55:14] [eval] SKIP roadblock: on cooldown (16 sec left)
[2026-09-15 18:55:14] [eval] SKIP roadblock: on cooldown (16 sec left)
[2026-09-15 18:55:15] [eval] SKIP roadblock: on cooldown (15 sec left)
[2026-09-15 18:55:15] [eval] SKIP roadblock: on cooldown (15 sec left)
[2026-09-15 18:55:16] [eval] SKIP roadblock: on cooldown (14 sec left)
[2026-09-15 18:55:16] [eval] SKIP roadblock: on cooldown (14 sec left)
[2026-09-15 18:55:17] [eval] SKIP roadblock: on cooldown (13 sec left)
[2026-09-15 18:55:17] [eval] SKIP roadblock: on cooldown (13 sec left)
[2026-09-15 18:55:18] [eval] SKIP roadblock: on cooldown (12 sec left)
[2026-09-15 18:55:18] [eval] SKIP roadblock: on cooldown (12 sec left)
[2026-09-15 18:55:19] [eval] SKIP roadblock: on cooldown (11 sec left)
[2026-09-15 18:55:19] [eval] SKIP roadblock: on cooldown (11 sec left)
[2026-09-15 18:55:20] [eval] SKIP roadblock: on cooldown (10 sec left)
[2026-09-15 18:55:20] [eval] SKIP roadblock: on cooldown (10 sec left)
[2026-09-15 18:55:21] [eval] SKIP roadblock: on cooldown (9 sec left)
[2026-09-15 18:55:21] [eval] SKIP roadblock: on cooldown (9 sec left)
[2026-09-15 18:55:22] [hb] updated: timestamp_ms=121068 (count=240)
[2026-09-15 18:55:22] [eval] SKIP roadblock: on cooldown (8 sec left)
[2026-09-15 18:55:22] [eval] SKIP roadblock: on cooldown (8 sec left)
[2026-09-15 18:56:45] [eval] SKIP roadblock: on cooldown (7 sec left)
[2026-09-15 18:56:46] [eval] SKIP roadblock: on cooldown (7 sec left)
[2026-09-15 18:56:46] [eval] SKIP roadblock: on cooldown (6 sec left)
[2026-09-15 18:56:47] [eval] SKIP roadblock: on cooldown (6 sec left)
[2026-09-15 18:56:47] [eval] SKIP roadblock: on cooldown (5 sec left)
[2026-09-15 18:56:57] [web_action] spawn_incident manual riot id=1026 pos=(2326.0, -2077.0, 13.0)
[2026-09-15 18:56:57] [web_action] spawn_incident manual riot id=1027 pos=(2208.0, -1675.0, 14.0)
[2026-09-15 18:56:57] [web_action] spawn_incident manual riot id=1028 pos=(1921.0, -1201.0, 19.0)
[2026-09-15 18:56:57] [web_action] spawn_incident manual riot id=1029 pos=(2221.0, -1160.0, 25.0)
[2026-09-15 18:56:57] [web_action] spawn_incident manual riot id=1030 pos=(2039.0, -1653.0, 13.0)
[2026-09-15 18:56:57] [web_action] spawn_incident manual riot id=1031 pos=(2297.0, -1744.0, 13.0)
[2026-09-15 18:56:57] [web_action] spawn_incident manual riot id=1032 pos=(1928.0, -1401.0, 14.0)
[2026-09-15 18:56:57] [dispatch] Dispatched 7 command(s) to ASI via municipal_commands.json
[2026-09-15 18:56:57] [eval] SKIP roadblock: on cooldown (5 sec left)
[2026-09-15 18:56:57] [eval] SKIP roadblock: on cooldown (4 sec left)
[2026-09-15 18:56:58] [eval] SKIP roadblock: on cooldown (4 sec left)
[2026-09-15 18:56:58] [eval] SKIP roadblock: on cooldown (3 sec left)
[2026-09-15 18:56:59] [eval] SKIP roadblock: on cooldown (3 sec left)
[2026-09-15 18:56:59] [eval] SKIP roadblock: on cooldown (2 sec left)
[2026-09-15 18:57:00] [eval] SKIP roadblock: on cooldown (2 sec left)
[2026-09-15 18:57:00] [eval] SKIP roadblock: on cooldown (1 sec left)
[2026-09-15 18:57:01] [eval] SKIP roadblock: on cooldown (1 sec left)
[2026-09-15 18:57:01] [eval] SPAWN roadblock id=1033 pos=(1936.0, -1612.0, 12.0) (crime=75.0% > 60%, fuel=51 > 15)
[2026-09-15 18:57:01] [dispatch] Dispatched 1 command(s) to ASI via municipal_commands.json
[2026-09-15 18:57:02] [eval] SKIP roadblock: on cooldown (30 sec left)
[2026-09-15 18:57:02] [eval] SKIP roadblock: on cooldown (29 sec left)
[2026-09-15 18:57:03] [eval] SKIP roadblock: on cooldown (29 sec left)
[2026-09-15 18:57:03] [hb] updated: timestamp_ms=131154 (count=260)
[2026-09-15 18:57:03] [eval] SKIP roadblock: on cooldown (28 sec left)
[2026-09-15 18:57:04] [eval] SKIP roadblock: on cooldown (28 sec left)
[2026-09-15 18:57:04] [eval] SKIP roadblock: on cooldown (27 sec left)
[2026-09-15 18:57:05] [eval] SKIP roadblock: on cooldown (27 sec left)
[2026-09-15 18:57:05] [eval] SKIP roadblock: on cooldown (26 sec left)
[2026-09-15 18:57:06] [eval] SKIP roadblock: on cooldown (26 sec left)
[2026-09-15 18:57:06] [eval] SKIP roadblock: on cooldown (25 sec left)
[2026-09-15 18:57:07] [eval] SKIP roadblock: on cooldown (25 sec left)
[2026-09-15 18:57:07] [eval] SKIP roadblock: on cooldown (24 sec left)
[2026-09-15 18:57:08] [eval] SKIP roadblock: on cooldown (24 sec left)
[2026-09-15 18:57:09] [eval] SKIP roadblock: on cooldown (23 sec left)
[2026-09-15 18:57:09] [eval] SKIP roadblock: on cooldown (23 sec left)
[2026-09-15 18:57:10] [eval] SKIP roadblock: on cooldown (22 sec left)
[2026-09-15 18:57:10] [eval] SKIP roadblock: on cooldown (22 sec left)
[2026-09-15 18:57:11] [eval] SKIP roadblock: on cooldown (21 sec left)
[2026-09-15 18:57:11] [eval] SKIP roadblock: on cooldown (21 sec left)
[2026-09-15 18:57:12] [eval] SKIP roadblock: on cooldown (20 sec left)
[2026-09-15 18:57:12] [eval] SKIP roadblock: on cooldown (20 sec left)
[2026-09-15 18:57:13] [eval] SKIP roadblock: on cooldown (19 sec left)
[2026-09-15 18:57:13] [eval] SKIP roadblock: on cooldown (19 sec left)
[2026-09-15 18:57:14] [hb] updated: timestamp_ms=141233 (count=280)
[2026-09-15 18:57:14] [eval] SKIP roadblock: on cooldown (18 sec left)
[2026-09-15 18:57:14] [eval] SKIP roadblock: on cooldown (18 sec left)
[2026-09-15 18:57:15] [eval] SKIP roadblock: on cooldown (17 sec left)
[2026-09-15 18:57:15] [eval] SKIP roadblock: on cooldown (17 sec left)
[2026-09-15 18:57:16] [eval] SKIP roadblock: on cooldown (16 sec left)
[2026-09-15 18:57:16] [eval] SKIP roadblock: on cooldown (16 sec left)
[2026-09-15 18:57:17] [eval] SKIP roadblock: on cooldown (15 sec left)
[2026-09-15 18:57:17] [eval] SKIP roadblock: on cooldown (15 sec left)
[2026-09-15 18:57:18] [eval] SKIP roadblock: on cooldown (14 sec left)
[2026-09-15 18:57:18] [eval] SKIP roadblock: on cooldown (14 sec left)
[2026-09-15 18:57:19] [eval] SKIP roadblock: on cooldown (13 sec left)
[2026-09-15 18:57:19] [eval] SKIP roadblock: on cooldown (13 sec left)
[2026-09-15 18:57:20] [eval] SKIP roadblock: on cooldown (12 sec left)
[2026-09-15 18:57:20] [eval] SKIP roadblock: on cooldown (12 sec left)
[2026-09-15 18:57:21] [eval] SKIP roadblock: on cooldown (11 sec left)
[2026-09-15 18:57:21] [eval] SKIP roadblock: on cooldown (11 sec left)
[2026-09-15 18:57:22] [event] phase_changed id=1033 ts=148713 phase=materialized
[2026-09-15 18:57:22] [event] cop_engaged id=1033 ts=148860
[2026-09-15 18:57:22] [event] cop_engaged id=1033 ts=148860
[2026-09-15 18:57:22] [event] phase_changed id=1033 ts=148860 phase=combat
[2026-09-15 18:57:22] [eval] SKIP roadblock: on cooldown (10 sec left)
[2026-09-15 18:57:22] [eval] SKIP roadblock: on cooldown (10 sec left)
[2026-09-15 18:57:23] [eval] SKIP roadblock: on cooldown (9 sec left)
[2026-09-15 18:57:26] [eval] SKIP roadblock: on cooldown (9 sec left)
[2026-09-15 19:24:47] [init] Municipal AI started successfully (Phase 3 Decision Engine Online)
[2026-09-15 19:24:47] [telemetry] World state connected: player=(2488.6, -1666.9, 13.8) in_veh=false wanted=0 crime=25.0% unrest=10.0% treasury=$1000000 time=08:00
[2026-09-15 19:24:47] [telemetry] Incidents state connected: 6 slots tracked in registry
[2026-09-15 19:24:47] [hb] updated: timestamp_ms=626 (count=1)
[2026-09-15 19:24:48] [hb] updated: timestamp_ms=1130 (count=2)
[2026-09-15 19:24:48] [hb] updated: timestamp_ms=1630 (count=3)
[2026-09-15 19:24:49] [hb] updated: timestamp_ms=2131 (count=4)
[2026-09-15 19:24:49] [hb] updated: timestamp_ms=2631 (count=5)
[2026-09-15 19:24:57] [hb] updated: timestamp_ms=10173 (count=20)
[2026-09-15 19:25:19] [web_action] spawn_incident manual riot id=1000 pos=(1928.0, -1401.0, 14.0)
[2026-09-15 19:25:19] [web_action] spawn_strike manual id=1001 pos=(1721.0, -1711.0, 13.0)
[2026-09-15 19:25:19] [web_action] spawn_strike manual id=1002 pos=(1543.0, -1720.0, 13.0)
[2026-09-15 19:25:19] [web_action] spawn_strike manual id=1003 pos=(1389.0, -1861.0, 12.0)
[2026-09-15 19:25:19] [web_action] spawn_strike manual id=1004 pos=(1734.0, -1596.0, 12.0)
[2026-09-15 19:25:19] [web_action] spawn_strike manual id=1005 pos=(1782.0, -1901.0, 12.0)
[2026-09-15 19:25:19] [web_action] spawn_strike manual id=1006 pos=(1387.0, -1743.0, 12.0)
[2026-09-15 19:25:19] [web_action] spawn_strike manual id=1007 pos=(1463.0, -1741.0, 13.0)
[2026-09-15 19:25:19] [web_action] spawn_strike manual id=1008 pos=(1328.0, -1573.0, 12.0)
[2026-09-15 19:25:19] [web_action] spawn_strike manual id=1009 pos=(1454.0, -1453.0, 12.0)
[2026-09-15 19:25:19] [web_action] spawn_strike manual id=1010 pos=(1371.0, -1400.0, 12.0)
[2026-09-15 19:25:19] [web_action] spawn_strike manual id=1011 pos=(1789.0, -1596.0, 13.0)
[2026-09-15 19:25:19] [web_action] spawn_strike manual id=1012 pos=(1478.0, -1707.0, 13.0)
[2026-09-15 19:25:19] [web_action] spawn_strike manual id=1013 pos=(1371.0, -1400.0, 12.0)
[2026-09-15 19:25:19] [dispatch] Dispatched 14 command(s) to ASI via municipal_commands.json
[2026-09-15 19:25:23] [hb] updated: timestamp_ms=20234 (count=40)
[2026-09-15 19:25:57] [hb] updated: timestamp_ms=30328 (count=60)
[2026-09-15 19:26:16] [hb] updated: timestamp_ms=40426 (count=80)
[2026-09-15 19:26:59] [web_action] spawn_incident manual riot id=1014 pos=(2221.0, -1160.0, 25.0)
[2026-09-15 19:26:59] [web_action] spawn_incident manual riot id=1015 pos=(2116.0, -1770.0, 13.0)
[2026-09-15 19:26:59] [web_action] spawn_incident manual riot id=1016 pos=(2249.0, -1483.0, 23.0)
[2026-09-15 19:26:59] [web_action] spawn_incident manual riot id=1017 pos=(2039.0, -1653.0, 13.0)
[2026-09-15 19:26:59] [web_action] spawn_incident manual riot id=1018 pos=(1921.0, -1201.0, 19.0)
[2026-09-15 19:26:59] [web_action] spawn_incident manual riot id=1019 pos=(2326.0, -2077.0, 13.0)
[2026-09-15 19:26:59] [web_action] spawn_incident manual riot id=1020 pos=(2208.0, -1675.0, 14.0)
[2026-09-15 19:26:59] [web_action] spawn_incident manual riot id=1021 pos=(2297.0, -1744.0, 13.0)
[2026-09-15 19:26:59] [web_action] spawn_incident manual riot id=1022 pos=(1928.0, -1401.0, 14.0)
[2026-09-15 19:26:59] [web_action] spawn_incident manual riot id=1023 pos=(2116.0, -1770.0, 13.0)
[2026-09-15 19:26:59] [web_action] spawn_incident manual riot id=1024 pos=(2297.0, -1744.0, 13.0)
[2026-09-15 19:26:59] [dispatch] Dispatched 11 command(s) to ASI via municipal_commands.json
[2026-09-15 19:27:10] [hb] updated: timestamp_ms=50523 (count=100)
[2026-09-15 19:27:20] [hb] updated: timestamp_ms=60609 (count=120)
[2026-09-15 19:27:53] [web_action] spawn_roadblock manual id=1025 pos=(1497.0, -1592.0, 12.0)
[2026-09-15 19:27:53] [web_action] spawn_roadblock manual id=1026 pos=(1454.0, -1748.0, 13.0)
[2026-09-15 19:27:53] [web_action] spawn_roadblock manual id=1027 pos=(1936.0, -1612.0, 12.0)
[2026-09-15 19:27:53] [web_action] spawn_roadblock manual id=1028 pos=(1491.0, -1740.0, 13.0)
[2026-09-15 19:27:53] [web_action] spawn_roadblock manual id=1029 pos=(1521.0, -1731.0, 12.0)
[2026-09-15 19:27:53] [web_action] spawn_roadblock manual id=1030 pos=(1690.0, -1759.0, 12.0)
[2026-09-15 19:27:53] [web_action] spawn_roadblock manual id=1031 pos=(1429.0, -1632.0, 12.0)
[2026-09-15 19:27:53] [web_action] spawn_roadblock manual id=1032 pos=(1823.0, -1744.0, 12.0)
[2026-09-15 19:27:53] [web_action] spawn_roadblock manual id=1033 pos=(1823.0, -1744.0, 12.0)
[2026-09-15 19:27:53] [dispatch] Dispatched 9 command(s) to ASI via municipal_commands.json
[2026-09-15 19:28:00] [hb] updated: timestamp_ms=70704 (count=140)
[2026-09-15 19:28:10] [hb] updated: timestamp_ms=80773 (count=160)
[2026-09-15 19:28:20] [hb] updated: timestamp_ms=90879 (count=180)
[2026-09-15 19:28:35] [hb] updated: timestamp_ms=100969 (count=200)
[2026-09-15 19:28:47] [hb] updated: timestamp_ms=111070 (count=220)
[2026-09-15 19:29:00] [hb] updated: timestamp_ms=121131 (count=240)
[2026-09-15 19:29:29] [web_action] spawn_roadblock manual id=1034 pos=(1497.0, -1592.0, 12.0)
[2026-09-15 19:29:29] [web_action] spawn_roadblock manual id=1035 pos=(1823.0, -1744.0, 12.0)
[2026-09-15 19:29:29] [web_action] spawn_roadblock manual id=1036 pos=(1429.0, -1632.0, 12.0)
[2026-09-15 19:29:29] [web_action] spawn_roadblock manual id=1037 pos=(1521.0, -1731.0, 12.0)
[2026-09-15 19:29:29] [web_action] spawn_roadblock manual id=1038 pos=(1454.0, -1748.0, 13.0)
[2026-09-15 19:29:29] [web_action] spawn_roadblock manual id=1039 pos=(1491.0, -1740.0, 13.0)
[2026-09-15 19:29:29] [web_action] spawn_roadblock manual id=1040 pos=(1690.0, -1759.0, 12.0)
[2026-09-15 19:29:29] [web_action] spawn_roadblock manual id=1041 pos=(1936.0, -1612.0, 12.0)
[2026-09-15 19:29:29] [web_action] spawn_roadblock manual id=1042 pos=(1497.0, -1592.0, 12.0)
[2026-09-15 19:29:29] [web_action] spawn_roadblock manual id=1043 pos=(1823.0, -1744.0, 12.0)
[2026-09-15 19:29:29] [web_action] spawn_roadblock manual id=1044 pos=(1497.0, -1592.0, 12.0)
[2026-09-15 19:29:29] [dispatch] Dispatched 11 command(s) to ASI via municipal_commands.json
[2026-09-15 19:29:36] [hb] updated: timestamp_ms=131222 (count=260)
[2026-09-15 19:30:39] [hb] updated: timestamp_ms=141289 (count=280)
[2026-09-15 19:30:48] [web_action] spawn_strike manual id=1045 pos=(1328.0, -1573.0, 12.0)
[2026-09-15 19:30:48] [web_action] spawn_strike manual id=1046 pos=(1454.0, -1453.0, 12.0)
[2026-09-15 19:30:48] [web_action] spawn_strike manual id=1047 pos=(1478.0, -1707.0, 13.0)
[2026-09-15 19:30:48] [web_action] spawn_strike manual id=1048 pos=(1371.0, -1400.0, 12.0)
[2026-09-15 19:30:48] [web_action] spawn_strike manual id=1049 pos=(1389.0, -1861.0, 12.0)
[2026-09-15 19:30:48] [web_action] spawn_strike manual id=1050 pos=(1734.0, -1596.0, 12.0)
[2026-09-15 19:30:48] [web_action] spawn_strike manual id=1051 pos=(1789.0, -1596.0, 13.0)
[2026-09-15 19:30:48] [web_action] spawn_strike manual id=1052 pos=(1721.0, -1711.0, 13.0)
[2026-09-15 19:30:48] [web_action] spawn_strike manual id=1053 pos=(1387.0, -1743.0, 12.0)
[2026-09-15 19:30:48] [web_action] spawn_strike manual id=1054 pos=(1543.0, -1720.0, 13.0)
[2026-09-15 19:30:48] [web_action] spawn_strike manual id=1055 pos=(1782.0, -1901.0, 12.0)
[2026-09-15 19:30:48] [web_action] spawn_strike manual id=1056 pos=(1387.0, -1743.0, 12.0)
[2026-09-15 19:30:48] [web_action] spawn_strike manual id=1057 pos=(1387.0, -1743.0, 12.0)
[2026-09-15 19:30:48] [web_action] spawn_strike manual id=1058 pos=(1328.0, -1573.0, 12.0)
[2026-09-15 19:30:48] [web_action] spawn_strike manual id=1059 pos=(1328.0, -1573.0, 12.0)
[2026-09-15 19:30:48] [web_action] spawn_strike manual id=1060 pos=(1543.0, -1720.0, 13.0)
[2026-09-15 19:30:48] [web_action] spawn_strike manual id=1061 pos=(1721.0, -1711.0, 13.0)
[2026-09-15 19:30:48] [web_action] spawn_strike manual id=1062 pos=(1478.0, -1707.0, 13.0)
[2026-09-15 19:30:48] [web_action] spawn_strike manual id=1063 pos=(1389.0, -1861.0, 12.0)
[2026-09-15 19:30:48] [dispatch] Dispatched 19 command(s) to ASI via municipal_commands.json
[2026-09-15 19:30:57] [hb] updated: timestamp_ms=151360 (count=300)
[2026-09-15 19:31:07] [hb] updated: timestamp_ms=161430 (count=320)
[2026-09-15 21:15:40] [init] Municipal AI started successfully (Phase 3 Decision Engine Online)
[2026-09-15 21:15:40] [telemetry] World state connected: player=(2488.6, -1666.9, 13.8) in_veh=false wanted=0 time=08:00
[2026-09-15 21:15:40] [telemetry] Incidents state connected: 10 slots tracked in registry
[2026-09-15 21:15:40] [hb] updated: timestamp_ms=626 (count=1)
[2026-09-15 21:15:40] [ERROR] evaluateCleanup failed: D:\Grand Theft Auto San Andreas\moonloader\municipal_ai.lua:649: attempt to index local 'inc' (a number value)
[2026-09-15 21:15:41] [hb] updated: timestamp_ms=1128 (count=2)
[2026-09-15 21:15:41] [ERROR] evaluateCleanup failed: D:\Grand Theft Auto San Andreas\moonloader\municipal_ai.lua:649: attempt to index local 'inc' (a number value)
[2026-09-15 21:15:41] [hb] updated: timestamp_ms=1628 (count=3)
[2026-09-15 21:15:41] [ERROR] evaluateCleanup failed: D:\Grand Theft Auto San Andreas\moonloader\municipal_ai.lua:649: attempt to index local 'inc' (a number value)
[2026-09-15 21:15:42] [hb] updated: timestamp_ms=2129 (count=4)
[2026-09-15 21:15:42] [ERROR] evaluateCleanup failed: D:\Grand Theft Auto San Andreas\moonloader\municipal_ai.lua:649: attempt to index local 'inc' (a number value)
[2026-09-15 21:15:42] [hb] updated: timestamp_ms=2630 (count=5)
[2026-09-15 21:15:42] [ERROR] evaluateCleanup failed: D:\Grand Theft Auto San Andreas\moonloader\municipal_ai.lua:649: attempt to index local 'inc' (a number value)
[2026-09-15 21:15:43] [ERROR] evaluateCleanup failed: D:\Grand Theft Auto San Andreas\moonloader\municipal_ai.lua:649: attempt to index local 'inc' (a number value)
[2026-09-15 21:15:43] [ERROR] evaluateCleanup failed: D:\Grand Theft Auto San Andreas\moonloader\municipal_ai.lua:649: attempt to index local 'inc' (a number value)
[2026-09-15 21:15:44] [ERROR] evaluateCleanup failed: D:\Grand Theft Auto San Andreas\moonloader\municipal_ai.lua:649: attempt to index local 'inc' (a number value)
[2026-09-15 21:15:44] [ERROR] evaluateCleanup failed: D:\Grand Theft Auto San Andreas\moonloader\municipal_ai.lua:649: attempt to index local 'inc' (a number value)
[2026-09-15 21:15:45] [ERROR] evaluateCleanup failed: D:\Grand Theft Auto San Andreas\moonloader\municipal_ai.lua:649: attempt to index local 'inc' (a number value)
[2026-09-15 21:15:45] [ERROR] evaluateCleanup failed: D:\Grand Theft Auto San Andreas\moonloader\municipal_ai.lua:649: attempt to index local 'inc' (a number value)
[2026-09-15 21:15:46] [ERROR] evaluateCleanup failed: D:\Grand Theft Auto San Andreas\moonloader\municipal_ai.lua:649: attempt to index local 'inc' (a number value)
[2026-09-15 21:16:06] [web_action] drain_budget applied -> treasury=$900000
[2026-09-15 21:16:06] [web_action] drain_budget applied -> treasury=$800000
[2026-09-15 21:16:06] [web_action] drain_budget applied -> treasury=$700000
[2026-09-15 21:16:06] [web_action] drain_budget applied -> treasury=$600000
[2026-09-15 21:16:06] [ERROR] evaluateCleanup failed: D:\Grand Theft Auto San Andreas\moonloader\municipal_ai.lua:649: attempt to index local 'inc' (a number value)
[2026-09-15 21:16:07] [ERROR] evaluateCleanup failed: D:\Grand Theft Auto San Andreas\moonloader\municipal_ai.lua:649: attempt to index local 'inc' (a number value)
[2026-09-15 21:16:07] [ERROR] evaluateCleanup failed: D:\Grand Theft Auto San Andreas\moonloader\municipal_ai.lua:649: attempt to index local 'inc' (a number value)
[2026-09-15 21:16:08] [ERROR] evaluateCleanup failed: D:\Grand Theft Auto San Andreas\moonloader\municipal_ai.lua:649: attempt to index local 'inc' (a number value)
[2026-09-16 14:26:51] [init] Municipal AI started successfully (Phase 3 Decision Engine Online)
[2026-09-16 14:26:51] [hb] updated: timestamp_ms=625 (count=1)
[2026-09-16 14:26:51] [hb] updated: timestamp_ms=1125 (count=2)
[2026-09-16 14:26:52] [hb] updated: timestamp_ms=1625 (count=3)
[2026-09-16 14:26:52] [hb] updated: timestamp_ms=2126 (count=4)
[2026-09-16 14:26:53] [hb] updated: timestamp_ms=2626 (count=5)
[2026-09-16 14:27:54] [hb] updated: timestamp_ms=10160 (count=20)
[2026-09-16 14:28:04] [hb] updated: timestamp_ms=20256 (count=40)
[2026-09-16 14:29:04] [hb] updated: timestamp_ms=30360 (count=60)
[2026-09-16 14:29:14] [hb] updated: timestamp_ms=40466 (count=80)
[2026-09-16 14:36:15] [init] Municipal AI started successfully (Phase 3 Decision Engine Online)
[2026-09-16 14:36:15] [hb] updated: timestamp_ms=639 (count=1)
[2026-09-16 14:36:16] [hb] updated: timestamp_ms=1139 (count=2)
[2026-09-16 14:36:16] [hb] updated: timestamp_ms=1639 (count=3)
[2026-09-16 14:36:17] [hb] updated: timestamp_ms=2140 (count=4)
[2026-09-16 14:36:17] [hb] updated: timestamp_ms=2640 (count=5)
[2026-09-16 14:36:45] [hb] updated: timestamp_ms=10170 (count=20)
[2026-09-16 14:36:55] [hb] updated: timestamp_ms=20255 (count=40)
[2026-09-16 14:37:37] [hb] updated: timestamp_ms=30341 (count=60)
[2026-09-16 14:37:47] [hb] updated: timestamp_ms=40425 (count=80)
[2026-09-16 14:37:58] [hb] updated: timestamp_ms=50514 (count=100)
[2026-09-16 14:38:19] [hb] updated: timestamp_ms=60604 (count=120)
[2026-09-16 14:38:29] [hb] updated: timestamp_ms=70698 (count=140)
[2026-09-16 14:38:39] [hb] updated: timestamp_ms=80771 (count=160)
[2026-09-16 14:38:49] [hb] updated: timestamp_ms=90860 (count=180)
[2026-09-16 14:39:00] [hb] updated: timestamp_ms=100929 (count=200)
[2026-09-16 14:42:00] [hb] updated: timestamp_ms=111042 (count=220)
[2026-09-16 15:09:29] [init] Municipal AI started successfully (Phase 3 Decision Engine Online)
[2026-09-16 15:09:29] [hb] updated: timestamp_ms=625 (count=1)
[2026-09-16 15:09:30] [hb] updated: timestamp_ms=1127 (count=2)
[2026-09-16 15:09:30] [hb] updated: timestamp_ms=1628 (count=3)
[2026-09-16 15:09:31] [hb] updated: timestamp_ms=2128 (count=4)
[2026-09-16 15:09:31] [hb] updated: timestamp_ms=2629 (count=5)
[2026-09-16 15:10:04] [hb] updated: timestamp_ms=10183 (count=20)
[2026-09-16 15:10:14] [hb] updated: timestamp_ms=20289 (count=40)
[2026-09-16 15:10:24] [hb] updated: timestamp_ms=30383 (count=60)
[2026-09-16 15:10:40] [hb] updated: timestamp_ms=40446 (count=80)
[2026-09-16 15:10:50] [hb] updated: timestamp_ms=50528 (count=100)
[2026-09-16 15:11:22] [hb] updated: timestamp_ms=60589 (count=120)
[2026-09-16 15:14:56] [init] Municipal AI started successfully (Phase 3 Decision Engine Online)
[2026-09-16 15:14:56] [hb] updated: timestamp_ms=625 (count=1)
[2026-09-16 15:14:57] [hb] updated: timestamp_ms=1127 (count=2)
[2026-09-16 15:14:57] [hb] updated: timestamp_ms=1628 (count=3)
[2026-09-16 15:14:58] [hb] updated: timestamp_ms=2128 (count=4)
[2026-09-16 15:14:58] [hb] updated: timestamp_ms=2629 (count=5)
[2026-09-16 15:15:13] [hb] updated: timestamp_ms=10191 (count=20)
[2026-09-16 15:15:23] [hb] updated: timestamp_ms=20259 (count=40)
[2026-09-16 15:15:33] [hb] updated: timestamp_ms=30367 (count=60)
[2026-09-16 15:15:43] [hb] updated: timestamp_ms=40498 (count=80)
[2026-09-16 15:15:54] [hb] updated: timestamp_ms=50616 (count=100)
[2026-09-16 15:16:07] [hb] updated: timestamp_ms=60674 (count=120)
[2026-09-16 15:16:18] [hb] updated: timestamp_ms=70766 (count=140)
[2026-09-16 15:16:28] [hb] updated: timestamp_ms=80846 (count=160)
[2026-09-16 15:16:38] [hb] updated: timestamp_ms=90922 (count=180)
[2026-09-16 15:16:48] [hb] updated: timestamp_ms=101013 (count=200)
[2026-09-16 15:16:58] [hb] updated: timestamp_ms=111102 (count=220)
[2026-09-16 15:17:08] [hb] updated: timestamp_ms=121169 (count=240)
[2026-09-16 15:17:18] [hb] updated: timestamp_ms=131253 (count=260)
[2026-09-16 15:17:28] [hb] updated: timestamp_ms=141319 (count=280)
[2026-09-16 15:17:38] [hb] updated: timestamp_ms=151399 (count=300)
[2026-09-16 15:17:48] [hb] updated: timestamp_ms=161474 (count=320)
[2026-09-16 15:17:58] [hb] updated: timestamp_ms=171551 (count=340)
[2026-09-16 15:18:08] [hb] updated: timestamp_ms=181656 (count=360)
[2026-09-16 15:18:19] [hb] updated: timestamp_ms=191747 (count=380)
[2026-09-16 15:18:29] [hb] updated: timestamp_ms=201825 (count=400)
[2026-09-16 15:18:39] [hb] updated: timestamp_ms=211903 (count=420)
[2026-09-16 15:19:20] [hb] updated: timestamp_ms=221988 (count=440)
[2026-09-16 15:19:30] [hb] updated: timestamp_ms=232081 (count=460)
[2026-09-16 15:19:40] [hb] updated: timestamp_ms=242156 (count=480)
[2026-09-16 15:19:50] [hb] updated: timestamp_ms=252268 (count=500)
[2026-09-16 15:20:00] [hb] updated: timestamp_ms=262346 (count=520)
[2026-09-16 15:20:10] [hb] updated: timestamp_ms=272432 (count=540)
[2026-09-16 15:20:27] [hb] updated: timestamp_ms=282520 (count=560)
[2026-09-16 15:20:37] [hb] updated: timestamp_ms=292602 (count=580)
[2026-09-16 15:24:31] [init] Municipal AI started successfully (Phase 3 Decision Engine Online)
[2026-09-16 15:24:31] [hb] updated: timestamp_ms=625 (count=1)
[2026-09-16 15:24:31] [hb] updated: timestamp_ms=1126 (count=2)
[2026-09-16 15:24:32] [hb] updated: timestamp_ms=1627 (count=3)
[2026-09-16 15:24:32] [hb] updated: timestamp_ms=2128 (count=4)
[2026-09-16 15:24:33] [hb] updated: timestamp_ms=2628 (count=5)
[2026-09-16 15:24:55] [hb] updated: timestamp_ms=10219 (count=20)
[2026-09-16 15:25:06] [hb] updated: timestamp_ms=20300 (count=40)
[2026-09-16 15:25:16] [hb] updated: timestamp_ms=30397 (count=60)
[2026-09-16 15:25:26] [hb] updated: timestamp_ms=40529 (count=80)
[2026-09-16 15:25:36] [hb] updated: timestamp_ms=50660 (count=100)
[2026-09-16 15:25:46] [hb] updated: timestamp_ms=60804 (count=120)
[2026-09-16 15:26:04] [hb] updated: timestamp_ms=70923 (count=140)
[2026-09-16 15:26:14] [hb] updated: timestamp_ms=80997 (count=160)
[2026-09-16 15:26:24] [hb] updated: timestamp_ms=91100 (count=180)
[2026-09-16 15:26:34] [hb] updated: timestamp_ms=101184 (count=200)
[2026-09-16 15:26:44] [hb] updated: timestamp_ms=111278 (count=220)
[2026-09-16 15:26:55] [hb] updated: timestamp_ms=121380 (count=240)
[2026-09-16 15:27:10] [hb] updated: timestamp_ms=131476 (count=260)
[2026-09-16 15:27:20] [hb] updated: timestamp_ms=141543 (count=280)
[2026-09-16 16:12:27] [init] Municipal AI started successfully (Phase 3 Decision Engine Online)
[2026-09-16 16:12:27] [hb] updated: timestamp_ms=625 (count=1)
[2026-09-16 16:12:27] [hb] updated: timestamp_ms=1128 (count=2)
[2026-09-16 16:12:28] [hb] updated: timestamp_ms=1628 (count=3)
[2026-09-16 16:12:28] [hb] updated: timestamp_ms=2129 (count=4)
[2026-09-16 16:12:29] [hb] updated: timestamp_ms=2629 (count=5)
[2026-09-16 16:12:49] [hb] updated: timestamp_ms=10158 (count=20)
[2026-09-16 16:12:59] [hb] updated: timestamp_ms=20257 (count=40)
[2026-09-16 16:13:09] [hb] updated: timestamp_ms=30345 (count=60)
[2026-09-16 16:13:19] [hb] updated: timestamp_ms=40431 (count=80)
[2026-09-16 16:13:29] [hb] updated: timestamp_ms=50525 (count=100)
[2026-09-16 16:14:29] [hb] updated: timestamp_ms=60617 (count=120)
[2026-09-16 16:14:39] [hb] updated: timestamp_ms=70704 (count=140)
[2026-09-16 16:14:49] [hb] updated: timestamp_ms=80798 (count=160)
[2026-09-16 16:14:59] [hb] updated: timestamp_ms=90862 (count=180)
[2026-09-16 16:15:09] [hb] updated: timestamp_ms=100947 (count=200)
[2026-09-16 16:15:19] [hb] updated: timestamp_ms=111010 (count=220)
[2026-09-16 16:15:30] [hb] updated: timestamp_ms=121097 (count=240)
[2026-09-16 16:15:44] [hb] updated: timestamp_ms=131169 (count=260)
[2026-09-16 16:15:54] [hb] updated: timestamp_ms=141228 (count=280)
[2026-09-16 16:16:04] [hb] updated: timestamp_ms=151305 (count=300)
[2026-09-16 16:16:14] [hb] updated: timestamp_ms=161368 (count=320)
[2026-09-16 16:16:24] [hb] updated: timestamp_ms=171449 (count=340)
[2026-09-16 16:16:34] [hb] updated: timestamp_ms=181531 (count=360)
[2026-09-16 16:16:45] [hb] updated: timestamp_ms=191623 (count=380)
[2026-09-16 16:16:55] [hb] updated: timestamp_ms=201704 (count=400)
[2026-09-16 16:17:05] [hb] updated: timestamp_ms=211778 (count=420)
[2026-09-16 16:17:15] [hb] updated: timestamp_ms=221872 (count=440)
[2026-09-16 16:17:25] [hb] updated: timestamp_ms=231948 (count=460)
[2026-09-16 16:17:35] [hb] updated: timestamp_ms=242045 (count=480)
[2026-09-16 16:17:45] [hb] updated: timestamp_ms=252140 (count=500)
[2026-09-16 16:31:09] [hb] updated: timestamp_ms=262255 (count=520)
[2026-09-16 17:28:40] [init] Municipal AI started successfully (Phase 3 Decision Engine Online)
[2026-09-16 17:28:40] [hb] updated: timestamp_ms=625 (count=1)
[2026-09-16 17:28:41] [hb] updated: timestamp_ms=1128 (count=2)
[2026-09-16 17:28:41] [hb] updated: timestamp_ms=1629 (count=3)
[2026-09-16 17:28:42] [hb] updated: timestamp_ms=2130 (count=4)
[2026-09-16 17:28:42] [hb] updated: timestamp_ms=2630 (count=5)
[2026-09-16 17:29:23] [hb] updated: timestamp_ms=10201 (count=20)
[2026-09-16 17:29:33] [hb] updated: timestamp_ms=20270 (count=40)
[2026-09-16 17:29:43] [hb] updated: timestamp_ms=30331 (count=60)
[2026-09-16 17:29:55] [hb] updated: timestamp_ms=40430 (count=80)
[2026-09-16 17:30:06] [hb] updated: timestamp_ms=50521 (count=100)
[2026-09-16 17:30:16] [hb] updated: timestamp_ms=60601 (count=120)
[2026-09-16 17:30:26] [hb] updated: timestamp_ms=70680 (count=140)
[2026-09-16 17:30:36] [hb] updated: timestamp_ms=80767 (count=160)
[2026-09-16 17:30:46] [hb] updated: timestamp_ms=90841 (count=180)
[2026-09-16 17:30:56] [hb] updated: timestamp_ms=100912 (count=200)
[2026-09-16 17:31:06] [hb] updated: timestamp_ms=111000 (count=220)
[2026-09-16 17:31:16] [hb] updated: timestamp_ms=121096 (count=240)
[2026-09-16 17:31:26] [hb] updated: timestamp_ms=131150 (count=260)
[2026-09-16 17:31:36] [hb] updated: timestamp_ms=141236 (count=280)
[2026-09-16 17:31:46] [hb] updated: timestamp_ms=151307 (count=300)
[2026-09-16 17:31:56] [hb] updated: timestamp_ms=161388 (count=320)
[2026-09-16 17:32:06] [hb] updated: timestamp_ms=171479 (count=340)
[2026-09-16 17:32:17] [hb] updated: timestamp_ms=181557 (count=360)
[2026-09-16 17:32:54] [hb] updated: timestamp_ms=191658 (count=380)
[2026-09-16 17:33:47] [hb] updated: timestamp_ms=201741 (count=400)
[2026-09-16 17:33:57] [hb] updated: timestamp_ms=211813 (count=420)
[2026-09-16 17:37:15] [hb] updated: timestamp_ms=221897 (count=440)
[2026-09-16 17:39:50] [hb] updated: timestamp_ms=232004 (count=460)
[2026-09-16 17:40:00] [hb] updated: timestamp_ms=242069 (count=480)
[2026-09-16 17:40:10] [hb] updated: timestamp_ms=252161 (count=500)
[2026-09-16 17:40:20] [hb] updated: timestamp_ms=262231 (count=520)
[2026-09-16 17:40:30] [hb] updated: timestamp_ms=272301 (count=540)
[2026-09-16 17:40:40] [hb] updated: timestamp_ms=282377 (count=560)
[2026-09-16 17:40:51] [hb] updated: timestamp_ms=292462 (count=580)
[2026-09-16 17:41:01] [hb] updated: timestamp_ms=302523 (count=600)
[2026-09-16 17:41:11] [hb] updated: timestamp_ms=312604 (count=620)
[2026-09-16 17:41:21] [hb] updated: timestamp_ms=322678 (count=640)
[2026-09-16 17:41:31] [hb] updated: timestamp_ms=332741 (count=660)
[2026-09-16 17:41:41] [hb] updated: timestamp_ms=342839 (count=680)
[2026-09-16 17:41:51] [hb] updated: timestamp_ms=352916 (count=700)
[2026-09-16 17:42:01] [hb] updated: timestamp_ms=362998 (count=720)
[2026-09-16 17:42:11] [hb] updated: timestamp_ms=373076 (count=740)
[2026-09-16 17:42:21] [hb] updated: timestamp_ms=383143 (count=760)
[2026-09-16 17:42:46] [hb] updated: timestamp_ms=393225 (count=780)
[2026-09-16 17:42:56] [hb] updated: timestamp_ms=403291 (count=800)
[2026-09-16 17:43:06] [hb] updated: timestamp_ms=413410 (count=820)
[2026-09-16 17:43:23] [hb] updated: timestamp_ms=423522 (count=840)
[2026-09-16 17:43:33] [hb] updated: timestamp_ms=433607 (count=860)
[2026-09-16 17:43:43] [hb] updated: timestamp_ms=443697 (count=880)
[2026-09-16 17:43:53] [hb] updated: timestamp_ms=453788 (count=900)
[2026-09-16 17:44:03] [hb] updated: timestamp_ms=463870 (count=920)
[2026-09-16 17:44:17] [hb] updated: timestamp_ms=473944 (count=940)
[2026-09-16 17:44:27] [hb] updated: timestamp_ms=484019 (count=960)
[2026-09-16 18:22:23] [init] Municipal AI started successfully (Phase 3 Decision Engine Online)
[2026-09-16 18:22:23] [hb] updated: timestamp_ms=624 (count=1)
[2026-09-16 18:22:24] [hb] updated: timestamp_ms=1127 (count=2)
[2026-09-16 18:22:24] [hb] updated: timestamp_ms=1627 (count=3)
[2026-09-16 18:22:25] [hb] updated: timestamp_ms=2128 (count=4)
[2026-09-16 18:22:25] [hb] updated: timestamp_ms=2629 (count=5)
[2026-09-16 18:22:50] [hb] updated: timestamp_ms=10226 (count=20)
[2026-09-16 18:23:00] [hb] updated: timestamp_ms=20337 (count=40)
[2026-09-16 18:23:10] [hb] updated: timestamp_ms=30455 (count=60)
[2026-09-16 18:23:20] [hb] updated: timestamp_ms=40555 (count=80)
[2026-09-16 18:23:37] [hb] updated: timestamp_ms=50634 (count=100)
[2026-09-16 18:23:47] [hb] updated: timestamp_ms=60766 (count=120)
[2026-09-16 18:23:57] [hb] updated: timestamp_ms=70848 (count=140)
[2026-09-16 18:24:13] [hb] updated: timestamp_ms=80948 (count=160)
[2026-09-16 18:24:23] [hb] updated: timestamp_ms=91056 (count=180)
[2026-09-16 18:24:33] [hb] updated: timestamp_ms=101141 (count=200)
[2026-09-16 18:25:23] [hb] updated: timestamp_ms=111249 (count=220)
[2026-09-16 18:26:47] [hb] updated: timestamp_ms=121338 (count=240)
[2026-09-16 18:27:44] [hb] updated: timestamp_ms=131404 (count=260)
[2026-09-16 18:27:54] [hb] updated: timestamp_ms=141496 (count=280)
[2026-09-16 18:41:49] [init] Municipal AI started successfully (Phase 3 Decision Engine Online)
[2026-09-16 18:41:49] [hb] updated: timestamp_ms=624 (count=1)
[2026-09-16 18:41:49] [hb] updated: timestamp_ms=1127 (count=2)
[2026-09-16 18:41:50] [hb] updated: timestamp_ms=1627 (count=3)
[2026-09-16 18:41:50] [hb] updated: timestamp_ms=2128 (count=4)
[2026-09-16 18:41:51] [hb] updated: timestamp_ms=2628 (count=5)
[2026-09-16 18:42:23] [hb] updated: timestamp_ms=10167 (count=20)
[2026-09-16 18:42:34] [hb] updated: timestamp_ms=20248 (count=40)
[2026-09-16 18:42:44] [hb] updated: timestamp_ms=30366 (count=60)
[2026-09-16 18:42:54] [hb] updated: timestamp_ms=40475 (count=80)
[2026-09-16 18:43:04] [hb] updated: timestamp_ms=50558 (count=100)
[2026-09-16 18:43:17] [hb] updated: timestamp_ms=60655 (count=120)
[2026-09-16 18:43:56] [hb] updated: timestamp_ms=70734 (count=140)
[2026-09-16 18:44:06] [hb] updated: timestamp_ms=80829 (count=160)
[2026-09-16 18:44:16] [hb] updated: timestamp_ms=90937 (count=180)
[2026-09-16 18:44:26] [hb] updated: timestamp_ms=101020 (count=200)
[2026-09-16 18:44:44] [hb] updated: timestamp_ms=111136 (count=220)
[2026-09-16 18:44:54] [hb] updated: timestamp_ms=121234 (count=240)
[2026-09-16 18:45:04] [hb] updated: timestamp_ms=131344 (count=260)
[2026-09-16 18:45:15] [hb] updated: timestamp_ms=141450 (count=280)
[2026-09-16 18:45:25] [hb] updated: timestamp_ms=151523 (count=300)
[2026-09-16 18:45:41] [hb] updated: timestamp_ms=161617 (count=320)
[2026-09-16 18:45:51] [hb] updated: timestamp_ms=171704 (count=340)
[2026-09-16 18:46:01] [hb] updated: timestamp_ms=181808 (count=360)
[2026-09-16 18:46:11] [hb] updated: timestamp_ms=191878 (count=380)
[2026-09-16 18:46:21] [hb] updated: timestamp_ms=201986 (count=400)
[2026-09-16 18:46:32] [hb] updated: timestamp_ms=212093 (count=420)
[2026-09-16 18:46:42] [hb] updated: timestamp_ms=222186 (count=440)
[2026-09-16 18:46:52] [hb] updated: timestamp_ms=232264 (count=460)
[2026-09-16 18:47:02] [hb] updated: timestamp_ms=242351 (count=480)
[2026-09-16 18:47:12] [hb] updated: timestamp_ms=252427 (count=500)
[2026-09-16 18:47:22] [hb] updated: timestamp_ms=262505 (count=520)
[2026-09-16 18:47:32] [hb] updated: timestamp_ms=272585 (count=540)
[2026-09-16 18:48:26] [hb] updated: timestamp_ms=282670 (count=560)
[2026-09-16 18:51:46] [hb] updated: timestamp_ms=292756 (count=580)
[2026-09-16 18:52:14] [hb] updated: timestamp_ms=302840 (count=600)
[2026-09-16 19:05:32] [init] Municipal AI started successfully (Phase 3 Decision Engine Online)
[2026-09-16 19:05:32] [hb] updated: timestamp_ms=625 (count=1)
[2026-09-16 19:05:33] [hb] updated: timestamp_ms=1126 (count=2)
[2026-09-16 19:05:33] [hb] updated: timestamp_ms=1627 (count=3)
[2026-09-16 19:05:34] [hb] updated: timestamp_ms=2127 (count=4)
[2026-09-16 19:05:34] [hb] updated: timestamp_ms=2627 (count=5)
[2026-09-16 19:05:42] [hb] updated: timestamp_ms=10165 (count=20)
[2026-09-16 19:06:22] [hb] updated: timestamp_ms=20270 (count=40)
[2026-09-16 19:06:42] [init] Municipal AI started successfully (Phase 3 Decision Engine Online)
[2026-09-16 19:06:42] [hb] updated: timestamp_ms=623 (count=1)
[2026-09-16 19:06:43] [hb] updated: timestamp_ms=1126 (count=2)
[2026-09-16 19:06:43] [hb] updated: timestamp_ms=1626 (count=3)
[2026-09-16 19:06:44] [hb] updated: timestamp_ms=2127 (count=4)
[2026-09-16 19:06:44] [hb] updated: timestamp_ms=2628 (count=5)
[2026-09-16 19:06:52] [hb] updated: timestamp_ms=10165 (count=20)
[2026-09-16 19:07:15] [hb] updated: timestamp_ms=20285 (count=40)
[2026-09-16 19:07:26] [hb] updated: timestamp_ms=30387 (count=60)
[2026-09-16 19:07:36] [hb] updated: timestamp_ms=40460 (count=80)
[2026-09-16 19:07:48] [hb] updated: timestamp_ms=50579 (count=100)
[2026-09-16 19:07:58] [hb] updated: timestamp_ms=60654 (count=120)
[2026-09-16 19:08:19] [hb] updated: timestamp_ms=70756 (count=140)
[2026-09-16 20:26:40] [init] Municipal AI started successfully (Phase 3 Decision Engine Online)
[2026-09-16 20:26:40] [hb] updated: timestamp_ms=625 (count=1)
[2026-09-16 20:26:41] [hb] updated: timestamp_ms=1126 (count=2)
[2026-09-16 20:26:41] [hb] updated: timestamp_ms=1626 (count=3)
[2026-09-16 20:26:42] [hb] updated: timestamp_ms=2127 (count=4)
[2026-09-16 20:26:42] [hb] updated: timestamp_ms=2627 (count=5)
[2026-09-16 20:27:30] [hb] updated: timestamp_ms=10176 (count=20)
[2026-09-16 20:27:44] [hb] updated: timestamp_ms=20319 (count=40)
[2026-09-16 20:27:55] [hb] updated: timestamp_ms=30447 (count=60)
[2026-09-16 20:28:05] [hb] updated: timestamp_ms=40578 (count=80)
[2026-09-16 20:28:15] [hb] updated: timestamp_ms=50691 (count=100)
[2026-09-16 20:28:25] [hb] updated: timestamp_ms=60803 (count=120)
[2026-09-16 20:28:35] [hb] updated: timestamp_ms=70934 (count=140)
[2026-09-16 20:28:53] [hb] updated: timestamp_ms=81076 (count=160)
[2026-09-16 20:29:21] [hb] updated: timestamp_ms=91174 (count=180)
[2026-09-16 20:29:46] [hb] updated: timestamp_ms=101246 (count=200)
[2026-09-16 20:29:56] [hb] updated: timestamp_ms=111339 (count=220)
[2026-09-16 20:30:06] [hb] updated: timestamp_ms=121462 (count=240)
[2026-09-16 20:30:22] [hb] updated: timestamp_ms=131562 (count=260)
[2026-09-16 20:31:36] [hb] updated: timestamp_ms=141670 (count=280)
[2026-09-16 20:31:46] [hb] updated: timestamp_ms=151782 (count=300)
[2026-09-16 20:31:57] [hb] updated: timestamp_ms=161866 (count=320)
[2026-09-16 20:32:18] [hb] updated: timestamp_ms=171945 (count=340)
[2026-09-16 20:32:28] [hb] updated: timestamp_ms=182004 (count=360)
[2026-09-16 20:32:38] [hb] updated: timestamp_ms=192091 (count=380)
[2026-09-16 20:32:49] [hb] updated: timestamp_ms=202195 (count=400)
[2026-09-16 20:32:59] [hb] updated: timestamp_ms=212269 (count=420)
[2026-09-16 20:33:09] [hb] updated: timestamp_ms=222355 (count=440)
[2026-09-16 20:33:25] [hb] updated: timestamp_ms=232462 (count=460)
[2026-09-16 20:33:35] [hb] updated: timestamp_ms=242566 (count=480)
[2026-09-16 20:33:45] [hb] updated: timestamp_ms=252668 (count=500)
[2026-09-16 20:33:57] [hb] updated: timestamp_ms=262744 (count=520)
[2026-09-16 20:34:07] [hb] updated: timestamp_ms=272833 (count=540)
[2026-09-16 20:34:17] [hb] updated: timestamp_ms=282963 (count=560)
[2026-09-16 20:34:27] [hb] updated: timestamp_ms=293103 (count=580)
[2026-09-16 20:34:37] [hb] updated: timestamp_ms=303234 (count=600)
[2026-09-16 20:34:47] [hb] updated: timestamp_ms=313365 (count=620)
[2026-09-16 20:34:57] [hb] updated: timestamp_ms=323469 (count=640)
[2026-09-16 20:35:11] [hb] updated: timestamp_ms=333567 (count=660)
[2026-09-16 20:35:21] [hb] updated: timestamp_ms=343676 (count=680)
[2026-09-16 20:35:31] [hb] updated: timestamp_ms=353781 (count=700)
[2026-09-16 20:35:41] [hb] updated: timestamp_ms=363885 (count=720)
[2026-09-16 20:35:51] [hb] updated: timestamp_ms=373956 (count=740)
[2026-09-16 20:36:01] [hb] updated: timestamp_ms=384055 (count=760)
[2026-09-16 20:36:11] [hb] updated: timestamp_ms=394177 (count=780)
[2026-09-16 20:36:22] [hb] updated: timestamp_ms=404292 (count=800)
[2026-09-16 20:36:32] [hb] updated: timestamp_ms=414381 (count=820)
[2026-09-16 20:36:42] [hb] updated: timestamp_ms=424459 (count=840)
[2026-09-16 21:25:56] [init] Municipal AI started successfully (Phase 3 Decision Engine Online)
[2026-09-16 21:25:56] [hb] updated: timestamp_ms=625 (count=1)
[2026-09-16 21:25:56] [hb] updated: timestamp_ms=1129 (count=2)
[2026-09-16 21:25:57] [hb] updated: timestamp_ms=1629 (count=3)
[2026-09-16 21:25:57] [hb] updated: timestamp_ms=2129 (count=4)
[2026-09-16 21:25:58] [hb] updated: timestamp_ms=2630 (count=5)
[2026-09-16 21:26:21] [hb] updated: timestamp_ms=10169 (count=20)
[2026-09-16 21:26:42] [hb] updated: timestamp_ms=20280 (count=40)
[2026-09-16 21:26:52] [hb] updated: timestamp_ms=30382 (count=60)
[2026-09-16 21:27:02] [hb] updated: timestamp_ms=40458 (count=80)
[2026-09-16 21:27:12] [hb] updated: timestamp_ms=50564 (count=100)
[2026-09-16 21:27:23] [hb] updated: timestamp_ms=60645 (count=120)
[2026-09-16 21:41:02] [init] Municipal AI started successfully (Phase 3 Decision Engine Online)
[2026-09-16 21:41:02] [hb] updated: timestamp_ms=624 (count=1)
[2026-09-16 21:41:03] [hb] updated: timestamp_ms=1127 (count=2)
[2026-09-16 21:41:03] [hb] updated: timestamp_ms=1627 (count=3)
[2026-09-16 21:41:04] [hb] updated: timestamp_ms=2128 (count=4)
[2026-09-16 21:41:04] [hb] updated: timestamp_ms=2628 (count=5)
[2026-09-16 21:41:25] [hb] updated: timestamp_ms=10182 (count=20)
[2026-09-16 21:41:35] [hb] updated: timestamp_ms=20271 (count=40)
[2026-09-16 21:41:45] [hb] updated: timestamp_ms=30384 (count=60)
[2026-09-16 21:41:55] [hb] updated: timestamp_ms=40468 (count=80)
[2026-09-16 21:42:05] [hb] updated: timestamp_ms=50570 (count=100)
[2026-09-16 21:42:15] [hb] updated: timestamp_ms=60657 (count=120)
[2026-09-16 21:42:25] [hb] updated: timestamp_ms=70761 (count=140)
[2026-09-16 21:42:35] [hb] updated: timestamp_ms=80855 (count=160)
[2026-09-16 21:42:45] [hb] updated: timestamp_ms=90965 (count=180)
[2026-09-16 21:42:55] [hb] updated: timestamp_ms=101054 (count=200)
[2026-09-17 17:13:21] [init] Municipal AI started successfully (Phase 3 Decision Engine Online)
[2026-09-17 17:13:21] [hb] updated: timestamp_ms=657 (count=1)
[2026-09-17 17:13:22] [hb] updated: timestamp_ms=1159 (count=2)
[2026-09-17 17:13:22] [hb] updated: timestamp_ms=1659 (count=3)
[2026-09-17 17:13:23] [hb] updated: timestamp_ms=2160 (count=4)
[2026-09-17 17:13:23] [hb] updated: timestamp_ms=2660 (count=5)
[2026-09-17 17:14:51] [hb] updated: timestamp_ms=10214 (count=20)
[2026-09-17 18:02:29] [init] Municipal AI started successfully (Phase 3 Decision Engine Online)
[2026-09-17 18:02:29] [hb] updated: timestamp_ms=647 (count=1)
[2026-09-17 18:02:29] [hb] updated: timestamp_ms=1150 (count=2)
[2026-09-17 18:02:30] [hb] updated: timestamp_ms=1650 (count=3)
[2026-09-17 18:02:30] [hb] updated: timestamp_ms=2151 (count=4)
[2026-09-17 18:02:31] [hb] updated: timestamp_ms=2651 (count=5)
[2026-09-17 18:03:20] [hb] updated: timestamp_ms=10224 (count=20)
[2026-09-17 18:03:30] [hb] updated: timestamp_ms=20286 (count=40)
[2026-09-17 18:03:40] [hb] updated: timestamp_ms=30379 (count=60)
[2026-09-17 18:03:50] [hb] updated: timestamp_ms=40462 (count=80)
[2026-09-17 18:04:00] [hb] updated: timestamp_ms=50553 (count=100)
[2026-09-17 18:04:24] [hb] updated: timestamp_ms=60632 (count=120)
[2026-09-17 18:04:34] [hb] updated: timestamp_ms=70732 (count=140)
[2026-09-17 18:04:44] [hb] updated: timestamp_ms=80831 (count=160)
[2026-09-17 18:19:23] [init] Municipal AI started successfully (Phase 3 Decision Engine Online)
[2026-09-17 18:19:28] [hb] updated: timestamp_ms=606 (count=1)
[2026-09-17 18:19:29] [hb] updated: timestamp_ms=1108 (count=2)
[2026-09-17 18:19:29] [hb] updated: timestamp_ms=1609 (count=3)
[2026-09-17 18:19:30] [hb] updated: timestamp_ms=2109 (count=4)
[2026-09-17 18:19:30] [hb] updated: timestamp_ms=2610 (count=5)
[2026-09-17 18:20:00] [hb] updated: timestamp_ms=10215 (count=20)
[2026-09-17 18:20:11] [hb] updated: timestamp_ms=20294 (count=40)
[2026-09-17 18:20:21] [hb] updated: timestamp_ms=30404 (count=60)
[2026-09-17 18:20:31] [hb] updated: timestamp_ms=40517 (count=80)
[2026-09-17 18:20:41] [hb] updated: timestamp_ms=50611 (count=100)
[2026-09-17 18:20:51] [hb] updated: timestamp_ms=60694 (count=120)
[2026-09-17 18:21:01] [hb] updated: timestamp_ms=70777 (count=140)
[2026-09-17 18:21:11] [hb] updated: timestamp_ms=80883 (count=160)
[2026-09-17 18:22:45] [hb] updated: timestamp_ms=91009 (count=180)
[2026-09-17 18:22:55] [hb] updated: timestamp_ms=101119 (count=200)
[2026-09-17 18:23:05] [hb] updated: timestamp_ms=111192 (count=220)
[2026-09-17 18:33:24] [init] Municipal AI started successfully (Phase 3 Decision Engine Online)
[2026-09-17 18:33:24] [hb] updated: timestamp_ms=627 (count=1)
[2026-09-17 18:33:24] [hb] updated: timestamp_ms=1128 (count=2)
[2026-09-17 18:33:25] [hb] updated: timestamp_ms=1628 (count=3)
[2026-09-17 18:33:25] [hb] updated: timestamp_ms=2129 (count=4)
[2026-09-17 18:33:26] [hb] updated: timestamp_ms=2629 (count=5)
[2026-09-17 18:33:43] [hb] updated: timestamp_ms=10170 (count=20)
[2026-09-17 18:33:53] [hb] updated: timestamp_ms=20278 (count=40)
[2026-09-17 18:34:03] [hb] updated: timestamp_ms=30360 (count=60)
[2026-09-17 18:34:13] [hb] updated: timestamp_ms=40431 (count=80)
[2026-09-17 18:34:23] [hb] updated: timestamp_ms=50535 (count=100)
[2026-09-17 18:34:33] [hb] updated: timestamp_ms=60619 (count=120)
[2026-09-17 18:34:50] [hb] updated: timestamp_ms=70694 (count=140)
[2026-09-17 18:35:00] [hb] updated: timestamp_ms=80778 (count=160)
[2026-09-17 18:35:32] [hb] updated: timestamp_ms=90872 (count=180)
[2026-09-17 18:35:42] [hb] updated: timestamp_ms=100974 (count=200)
[2026-09-17 18:35:52] [hb] updated: timestamp_ms=111095 (count=220)
[2026-09-17 18:36:02] [hb] updated: timestamp_ms=121174 (count=240)
[2026-09-17 18:36:14] [hb] updated: timestamp_ms=131290 (count=260)
[2026-09-17 18:36:27] [hb] updated: timestamp_ms=141392 (count=280)
[2026-09-17 18:36:37] [hb] updated: timestamp_ms=151510 (count=300)
[2026-09-17 18:36:47] [hb] updated: timestamp_ms=161605 (count=320)
[2026-09-17 18:36:57] [hb] updated: timestamp_ms=171723 (count=340)
[2026-09-17 18:37:19] [hb] updated: timestamp_ms=181803 (count=360)
[2026-09-17 18:37:29] [hb] updated: timestamp_ms=191879 (count=380)
[2026-09-17 18:37:39] [hb] updated: timestamp_ms=201967 (count=400)
[2026-09-17 18:37:49] [hb] updated: timestamp_ms=212042 (count=420)
[2026-09-17 18:37:59] [hb] updated: timestamp_ms=222140 (count=440)
[2026-09-17 18:39:49] [hb] updated: timestamp_ms=232215 (count=460)
[2026-09-17 18:39:59] [hb] updated: timestamp_ms=242292 (count=480)
[2026-09-17 18:40:09] [hb] updated: timestamp_ms=252385 (count=500)
[2026-09-17 18:40:19] [hb] updated: timestamp_ms=262471 (count=520)
[2026-09-17 18:40:29] [hb] updated: timestamp_ms=272565 (count=540)
[2026-09-17 18:40:39] [hb] updated: timestamp_ms=282644 (count=560)
[2026-09-17 18:40:49] [hb] updated: timestamp_ms=292738 (count=580)
[2026-09-17 18:40:59] [hb] updated: timestamp_ms=302828 (count=600)
[2026-09-17 18:41:09] [hb] updated: timestamp_ms=312883 (count=620)
[2026-09-17 18:41:24] [hb] updated: timestamp_ms=322962 (count=640)
[2026-09-17 18:41:34] [hb] updated: timestamp_ms=333063 (count=660)
[2026-09-17 18:59:25] [init] Municipal AI started successfully (Phase 3 Decision Engine Online)
[2026-09-17 18:59:25] [hb] updated: timestamp_ms=625 (count=1)
[2026-09-17 18:59:25] [hb] updated: timestamp_ms=1126 (count=2)
[2026-09-17 18:59:26] [hb] updated: timestamp_ms=1627 (count=3)
[2026-09-17 18:59:26] [hb] updated: timestamp_ms=2128 (count=4)
[2026-09-17 18:59:27] [hb] updated: timestamp_ms=2628 (count=5)
[2026-09-17 18:59:39] [hb] updated: timestamp_ms=10170 (count=20)
[2026-09-17 18:59:49] [hb] updated: timestamp_ms=20243 (count=40)
[2026-09-17 19:00:00] [hb] updated: timestamp_ms=30312 (count=60)
[2026-09-17 19:00:10] [hb] updated: timestamp_ms=40372 (count=80)
[2026-09-17 19:00:20] [hb] updated: timestamp_ms=50461 (count=100)
[2026-09-17 19:00:30] [hb] updated: timestamp_ms=60545 (count=120)
[2026-09-17 19:00:40] [hb] updated: timestamp_ms=70641 (count=140)
[2026-09-17 19:00:50] [hb] updated: timestamp_ms=80785 (count=160)
[2026-09-17 19:28:49] [init] Municipal AI started successfully (Phase 3 Decision Engine Online)
[2026-09-17 19:28:49] [hb] updated: timestamp_ms=625 (count=1)
[2026-09-17 19:28:50] [hb] updated: timestamp_ms=1128 (count=2)
[2026-09-17 19:28:50] [hb] updated: timestamp_ms=1629 (count=3)
[2026-09-17 19:28:51] [hb] updated: timestamp_ms=2129 (count=4)
[2026-09-17 19:28:51] [hb] updated: timestamp_ms=2630 (count=5)
[2026-09-17 19:29:21] [hb] updated: timestamp_ms=10167 (count=20)
[2026-09-17 19:29:31] [hb] updated: timestamp_ms=20251 (count=40)
[2026-09-17 19:30:05] [hb] updated: timestamp_ms=30332 (count=60)
[2026-09-17 19:30:15] [hb] updated: timestamp_ms=40421 (count=80)
[2026-09-17 19:30:25] [hb] updated: timestamp_ms=50513 (count=100)
[2026-09-17 19:30:35] [hb] updated: timestamp_ms=60600 (count=120)
[2026-09-17 19:30:46] [hb] updated: timestamp_ms=70696 (count=140)
[2026-09-17 19:30:56] [hb] updated: timestamp_ms=80787 (count=160)
[2026-09-17 19:31:06] [hb] updated: timestamp_ms=90881 (count=180)
[2026-09-17 19:31:16] [hb] updated: timestamp_ms=100965 (count=200)
[2026-09-17 19:31:26] [hb] updated: timestamp_ms=111040 (count=220)
[2026-09-17 19:31:36] [hb] updated: timestamp_ms=121124 (count=240)
[2026-09-17 19:31:46] [hb] updated: timestamp_ms=131200 (count=260)
[2026-09-17 19:31:56] [hb] updated: timestamp_ms=141312 (count=280)
[2026-09-17 19:32:53] [hb] updated: timestamp_ms=151383 (count=300)
[2026-09-17 19:33:03] [hb] updated: timestamp_ms=161470 (count=320)
[2026-09-17 19:33:13] [hb] updated: timestamp_ms=171556 (count=340)
[2026-09-17 19:33:24] [hb] updated: timestamp_ms=181639 (count=360)
[2026-09-17 19:33:34] [hb] updated: timestamp_ms=191757 (count=380)
[2026-09-17 19:33:44] [hb] updated: timestamp_ms=201856 (count=400)
[2026-09-17 19:34:00] [hb] updated: timestamp_ms=211946 (count=420)
[2026-09-17 19:34:10] [hb] updated: timestamp_ms=222027 (count=440)
[2026-09-17 19:34:27] [hb] updated: timestamp_ms=232106 (count=460)
[2026-09-17 19:34:37] [hb] updated: timestamp_ms=242189 (count=480)
[2026-09-17 19:34:47] [hb] updated: timestamp_ms=252258 (count=500)
[2026-09-17 19:34:57] [hb] updated: timestamp_ms=262341 (count=520)
[2026-09-17 21:24:35] [init] Municipal AI started successfully (Phase 3 Decision Engine Online)
[2026-09-17 21:24:35] [hb] updated: timestamp_ms=626 (count=1)
[2026-09-17 21:24:35] [hb] updated: timestamp_ms=1128 (count=2)
[2026-09-17 21:24:36] [hb] updated: timestamp_ms=1628 (count=3)
[2026-09-17 21:24:36] [hb] updated: timestamp_ms=2129 (count=4)
[2026-09-17 21:24:37] [hb] updated: timestamp_ms=2629 (count=5)
[2026-09-17 22:41:01] [init] Municipal AI started successfully (Phase 3 Decision Engine Online)
[2026-09-17 22:41:01] [hb] updated: timestamp_ms=625 (count=1)
[2026-09-17 22:41:02] [hb] updated: timestamp_ms=1126 (count=2)
[2026-09-17 22:41:02] [hb] updated: timestamp_ms=1626 (count=3)
[2026-09-17 22:41:03] [hb] updated: timestamp_ms=2126 (count=4)
[2026-09-17 22:41:03] [hb] updated: timestamp_ms=2627 (count=5)
[2026-09-17 22:42:20] [hb] updated: timestamp_ms=10179 (count=20)
[2026-09-17 22:44:41] [hb] updated: timestamp_ms=20239 (count=40)
[2026-09-17 22:46:16] [hb] updated: timestamp_ms=30333 (count=60)
[2026-09-17 22:51:28] [hb] updated: timestamp_ms=40420 (count=80)
[2026-09-17 22:51:39] [hb] updated: timestamp_ms=50491 (count=100)
[2026-09-17 22:51:49] [hb] updated: timestamp_ms=60538 (count=120)
[2026-09-17 22:57:02] [init] Municipal AI started successfully (Phase 3 Decision Engine Online)
[2026-09-17 22:57:02] [hb] updated: timestamp_ms=625 (count=1)
[2026-09-17 22:57:02] [hb] updated: timestamp_ms=1129 (count=2)
[2026-09-17 22:57:03] [hb] updated: timestamp_ms=1629 (count=3)
[2026-09-17 22:57:03] [hb] updated: timestamp_ms=2130 (count=4)
[2026-09-17 22:57:04] [hb] updated: timestamp_ms=2630 (count=5)
[2026-09-18 16:53:44] [init] Municipal AI started successfully (Phase 3 Decision Engine Online)
[2026-09-18 16:53:44] [hb] updated: timestamp_ms=661 (count=1)
[2026-09-18 16:53:45] [hb] updated: timestamp_ms=1162 (count=2)
[2026-09-18 16:53:45] [hb] updated: timestamp_ms=1663 (count=3)
[2026-09-18 16:53:46] [hb] updated: timestamp_ms=2163 (count=4)
[2026-09-18 16:53:46] [hb] updated: timestamp_ms=2664 (count=5)
[2026-09-18 16:53:54] [hb] updated: timestamp_ms=10209 (count=20)
[2026-09-18 16:54:04] [hb] updated: timestamp_ms=20303 (count=40)
[2026-09-18 16:54:14] [hb] updated: timestamp_ms=30406 (count=60)
[2026-09-18 16:54:24] [hb] updated: timestamp_ms=40503 (count=80)
[2026-09-18 18:32:27] [init] Municipal AI started successfully (Phase 3 Decision Engine Online)
[2026-09-18 18:32:27] [hb] updated: timestamp_ms=657 (count=1)
[2026-09-18 18:32:28] [hb] updated: timestamp_ms=1157 (count=2)
[2026-09-18 18:32:28] [hb] updated: timestamp_ms=1657 (count=3)
[2026-09-18 18:32:29] [hb] updated: timestamp_ms=2159 (count=4)
[2026-09-18 18:32:29] [hb] updated: timestamp_ms=2659 (count=5)
[2026-09-18 18:32:37] [hb] updated: timestamp_ms=10211 (count=20)
[2026-09-18 18:32:47] [hb] updated: timestamp_ms=20350 (count=40)
[2026-09-18 18:32:57] [hb] updated: timestamp_ms=30490 (count=60)
[2026-09-18 18:33:07] [hb] updated: timestamp_ms=40619 (count=80)
[2026-09-18 18:35:38] [hb] updated: timestamp_ms=50695 (count=100)
[2026-09-18 18:39:44] [hb] updated: timestamp_ms=60780 (count=120)
[2026-09-18 18:39:54] [hb] updated: timestamp_ms=70880 (count=140)
[2026-09-18 18:40:04] [hb] updated: timestamp_ms=80956 (count=160)
[2026-09-18 19:24:15] [init] Municipal AI started successfully (Phase 3 Decision Engine Online)
[2026-09-18 19:24:16] [hb] updated: timestamp_ms=624 (count=1)
[2026-09-18 19:24:16] [hb] updated: timestamp_ms=1126 (count=2)
[2026-09-18 19:24:17] [hb] updated: timestamp_ms=1626 (count=3)
[2026-09-18 19:24:17] [hb] updated: timestamp_ms=2127 (count=4)
[2026-09-18 19:24:18] [hb] updated: timestamp_ms=2627 (count=5)
[2026-09-18 19:24:25] [hb] updated: timestamp_ms=10157 (count=20)
[2026-09-18 19:36:41] [init] Municipal AI started successfully (Phase 3 Decision Engine Online)
[2026-09-18 19:36:41] [hb] updated: timestamp_ms=625 (count=1)
[2026-09-18 19:36:41] [hb] updated: timestamp_ms=1127 (count=2)
[2026-09-18 19:36:42] [hb] updated: timestamp_ms=1628 (count=3)
[2026-09-18 19:36:42] [hb] updated: timestamp_ms=2128 (count=4)
[2026-09-18 19:36:43] [hb] updated: timestamp_ms=2629 (count=5)
[2026-09-18 19:52:14] [init] Municipal AI started successfully (Phase 3 Decision Engine Online)
[2026-09-18 19:52:14] [hb] updated: timestamp_ms=624 (count=1)
[2026-09-18 19:52:15] [hb] updated: timestamp_ms=1127 (count=2)
[2026-09-18 19:52:15] [hb] updated: timestamp_ms=1628 (count=3)
[2026-09-18 19:52:16] [hb] updated: timestamp_ms=2128 (count=4)
[2026-09-18 19:52:16] [hb] updated: timestamp_ms=2629 (count=5)
[2026-09-18 19:52:24] [hb] updated: timestamp_ms=10151 (count=20)
[2026-09-18 20:40:21] [init] Municipal AI started successfully (Phase 3 Decision Engine Online)
[2026-09-18 20:40:21] [hb] updated: timestamp_ms=624 (count=1)
[2026-09-18 20:40:21] [hb] updated: timestamp_ms=1126 (count=2)
[2026-09-18 20:40:22] [hb] updated: timestamp_ms=1626 (count=3)
[2026-09-18 20:40:22] [hb] updated: timestamp_ms=2127 (count=4)
[2026-09-18 20:40:23] [hb] updated: timestamp_ms=2628 (count=5)
[2026-09-18 20:40:30] [hb] updated: timestamp_ms=10155 (count=20)
[2026-09-18 20:40:41] [hb] updated: timestamp_ms=20290 (count=40)
[2026-09-18 20:41:00] [hb] updated: timestamp_ms=30375 (count=60)
[2026-09-18 20:41:24] [hb] updated: timestamp_ms=40456 (count=80)
[2026-09-18 20:41:34] [hb] updated: timestamp_ms=50547 (count=100)
[2026-09-18 20:41:55] [hb] updated: timestamp_ms=60621 (count=120)
[2026-09-18 20:42:07] [hb] updated: timestamp_ms=70701 (count=140)
[2026-09-18 20:49:32] [init] Municipal AI started successfully (Phase 3 Decision Engine Online)
[2026-09-18 20:49:32] [hb] updated: timestamp_ms=625 (count=1)
[2026-09-18 20:49:33] [hb] updated: timestamp_ms=1125 (count=2)
[2026-09-18 20:49:33] [hb] updated: timestamp_ms=1626 (count=3)
[2026-09-18 20:49:34] [hb] updated: timestamp_ms=2126 (count=4)
[2026-09-18 20:49:34] [hb] updated: timestamp_ms=2627 (count=5)
[2026-09-18 20:49:46] [hb] updated: timestamp_ms=10159 (count=20)
[2026-09-18 20:49:56] [hb] updated: timestamp_ms=20238 (count=40)
[2026-09-18 20:50:06] [hb] updated: timestamp_ms=30333 (count=60)
[2026-09-18 20:50:16] [hb] updated: timestamp_ms=40440 (count=80)
[2026-09-18 20:50:26] [hb] updated: timestamp_ms=50534 (count=100)
[2026-09-18 20:51:23] [init] Municipal AI started successfully (Phase 3 Decision Engine Online)
[2026-09-18 20:51:24] [hb] updated: timestamp_ms=624 (count=1)
[2026-09-18 20:51:24] [hb] updated: timestamp_ms=1126 (count=2)
[2026-09-18 20:51:25] [hb] updated: timestamp_ms=1626 (count=3)
[2026-09-18 20:51:25] [hb] updated: timestamp_ms=2127 (count=4)
[2026-09-18 20:51:26] [hb] updated: timestamp_ms=2627 (count=5)
[2026-09-18 20:51:38] [hb] updated: timestamp_ms=10164 (count=20)
[2026-09-18 20:51:48] [hb] updated: timestamp_ms=20248 (count=40)
[2026-09-18 20:58:30] [init] Municipal AI started successfully (Phase 3 Decision Engine Online)
[2026-09-18 20:58:30] [hb] updated: timestamp_ms=624 (count=1)
[2026-09-18 20:58:31] [hb] updated: timestamp_ms=1126 (count=2)
[2026-09-18 20:58:31] [hb] updated: timestamp_ms=1627 (count=3)
[2026-09-18 20:58:32] [hb] updated: timestamp_ms=2127 (count=4)
[2026-09-18 20:58:32] [hb] updated: timestamp_ms=2628 (count=5)
[2026-09-18 20:58:42] [hb] updated: timestamp_ms=10196 (count=20)
[2026-09-18 20:58:56] [hb] updated: timestamp_ms=20305 (count=40)
[2026-09-18 20:59:06] [hb] updated: timestamp_ms=30378 (count=60)
[2026-09-18 20:59:40] [init] Municipal AI started successfully (Phase 3 Decision Engine Online)
[2026-09-18 20:59:40] [hb] updated: timestamp_ms=624 (count=1)
[2026-09-18 20:59:40] [hb] updated: timestamp_ms=1126 (count=2)
[2026-09-18 20:59:41] [hb] updated: timestamp_ms=1627 (count=3)
[2026-09-18 20:59:41] [hb] updated: timestamp_ms=2127 (count=4)
[2026-09-18 20:59:42] [hb] updated: timestamp_ms=2628 (count=5)
[2026-09-18 20:59:52] [hb] updated: timestamp_ms=10148 (count=20)
[2026-09-18 21:11:13] [init] Municipal AI started successfully (Phase 3 Decision Engine Online)
[2026-09-18 21:11:13] [hb] updated: timestamp_ms=624 (count=1)
[2026-09-18 21:11:13] [hb] updated: timestamp_ms=1124 (count=2)
[2026-09-18 21:11:14] [hb] updated: timestamp_ms=1624 (count=3)
[2026-09-18 21:11:14] [hb] updated: timestamp_ms=2125 (count=4)
[2026-09-18 21:11:15] [hb] updated: timestamp_ms=2625 (count=5)
[2026-09-18 21:11:29] [hb] updated: timestamp_ms=10144 (count=20)
[2026-09-18 21:11:39] [hb] updated: timestamp_ms=20221 (count=40)
[2026-09-18 21:11:49] [hb] updated: timestamp_ms=30330 (count=60)
[2026-09-18 21:12:03] [hb] updated: timestamp_ms=40407 (count=80)
[2026-09-18 21:12:25] [hb] updated: timestamp_ms=50504 (count=100)
[2026-09-18 21:13:05] [hb] updated: timestamp_ms=60577 (count=120)
[2026-09-18 21:14:48] [hb] updated: timestamp_ms=70657 (count=140)
[2026-09-18 21:16:46] [init] Municipal AI started successfully (Phase 3 Decision Engine Online)
[2026-09-18 21:16:46] [hb] updated: timestamp_ms=624 (count=1)
[2026-09-18 21:16:47] [hb] updated: timestamp_ms=1126 (count=2)
[2026-09-18 21:16:47] [hb] updated: timestamp_ms=1627 (count=3)
[2026-09-18 21:16:48] [hb] updated: timestamp_ms=2127 (count=4)
[2026-09-18 21:16:48] [hb] updated: timestamp_ms=2628 (count=5)
[2026-09-18 21:16:58] [hb] updated: timestamp_ms=10153 (count=20)
[2026-09-18 21:18:55] [hb] updated: timestamp_ms=20251 (count=40)
[2026-09-18 21:32:58] [init] Municipal AI started successfully (Phase 3 Decision Engine Online)
[2026-09-18 21:32:58] [hb] updated: timestamp_ms=624 (count=1)
[2026-09-18 21:32:59] [hb] updated: timestamp_ms=1126 (count=2)
[2026-09-18 21:32:59] [hb] updated: timestamp_ms=1627 (count=3)
[2026-09-18 21:33:00] [hb] updated: timestamp_ms=2127 (count=4)
[2026-09-18 21:33:00] [hb] updated: timestamp_ms=2628 (count=5)
[2026-09-18 21:33:10] [hb] updated: timestamp_ms=10153 (count=20)
[2026-09-18 21:33:25] [hb] updated: timestamp_ms=20244 (count=40)
[2026-09-18 21:33:39] [hb] updated: timestamp_ms=30318 (count=60)
[2026-09-18 21:33:52] [hb] updated: timestamp_ms=40401 (count=80)
[2026-09-18 21:43:10] [hb] updated: timestamp_ms=50493 (count=100)
[2026-09-18 21:43:26] [hb] updated: timestamp_ms=60601 (count=120)
[2026-09-18 21:44:05] [hb] updated: timestamp_ms=70681 (count=140)
[2026-09-18 21:44:15] [hb] updated: timestamp_ms=80768 (count=160)
[2026-09-18 21:50:17] [init] Municipal AI started successfully (Phase 3 Decision Engine Online)
[2026-09-18 21:50:17] [hb] updated: timestamp_ms=624 (count=1)
[2026-09-18 21:50:18] [hb] updated: timestamp_ms=1124 (count=2)
[2026-09-18 21:50:18] [hb] updated: timestamp_ms=1624 (count=3)
[2026-09-18 21:50:19] [hb] updated: timestamp_ms=2125 (count=4)
[2026-09-18 21:50:19] [hb] updated: timestamp_ms=2625 (count=5)
[2026-09-18 21:50:30] [hb] updated: timestamp_ms=10155 (count=20)
[2026-09-18 21:50:40] [hb] updated: timestamp_ms=20212 (count=40)
[2026-09-18 21:50:50] [hb] updated: timestamp_ms=30299 (count=60)
[2026-09-18 21:52:09] [hb] updated: timestamp_ms=40391 (count=80)
[2026-09-18 21:59:46] [init] Municipal AI started successfully (Phase 3 Decision Engine Online)
[2026-09-18 21:59:46] [hb] updated: timestamp_ms=624 (count=1)
[2026-09-18 21:59:47] [hb] updated: timestamp_ms=1126 (count=2)
[2026-09-18 21:59:47] [hb] updated: timestamp_ms=1627 (count=3)
[2026-09-18 21:59:48] [hb] updated: timestamp_ms=2127 (count=4)
[2026-09-18 21:59:48] [hb] updated: timestamp_ms=2628 (count=5)
[2026-09-18 22:00:08] [hb] updated: timestamp_ms=10164 (count=20)
[2026-09-18 22:00:21] [hb] updated: timestamp_ms=20277 (count=40)
[2026-09-18 22:00:31] [hb] updated: timestamp_ms=30363 (count=60)
[2026-09-18 22:00:41] [hb] updated: timestamp_ms=40430 (count=80)
[2026-09-18 22:00:56] [hb] updated: timestamp_ms=50510 (count=100)
[2026-09-18 22:01:06] [hb] updated: timestamp_ms=60614 (count=120)
[2026-09-18 22:01:23] [hb] updated: timestamp_ms=70696 (count=140)
[2026-09-18 22:01:33] [hb] updated: timestamp_ms=80777 (count=160)
[2026-09-18 22:01:48] [hb] updated: timestamp_ms=90849 (count=180)
[2026-09-18 22:12:43] [init] Municipal AI started successfully (Phase 3 Decision Engine Online)
[2026-09-18 22:12:43] [hb] updated: timestamp_ms=626 (count=1)
[2026-09-18 22:12:43] [hb] updated: timestamp_ms=1127 (count=2)
[2026-09-18 22:12:44] [hb] updated: timestamp_ms=1628 (count=3)
[2026-09-18 22:12:44] [hb] updated: timestamp_ms=2129 (count=4)
[2026-09-18 22:12:45] [hb] updated: timestamp_ms=2629 (count=5)
[2026-09-18 22:12:54] [hb] updated: timestamp_ms=10164 (count=20)
[2026-09-18 22:13:08] [hb] updated: timestamp_ms=20268 (count=40)
[2026-09-18 22:13:18] [hb] updated: timestamp_ms=30371 (count=60)
[2026-09-18 22:13:28] [hb] updated: timestamp_ms=40487 (count=80)
[2026-09-18 22:14:30] [hb] updated: timestamp_ms=50582 (count=100)
[2026-09-18 22:14:40] [hb] updated: timestamp_ms=60681 (count=120)
[2026-09-18 22:14:50] [hb] updated: timestamp_ms=70752 (count=140)
[2026-09-18 22:15:00] [hb] updated: timestamp_ms=80861 (count=160)
[2026-09-18 22:15:10] [hb] updated: timestamp_ms=90957 (count=180)
[2026-09-18 22:15:20] [hb] updated: timestamp_ms=101052 (count=200)
[2026-09-18 22:15:30] [hb] updated: timestamp_ms=111150 (count=220)
[2026-09-18 22:15:44] [hb] updated: timestamp_ms=121243 (count=240)
[2026-09-18 22:15:54] [hb] updated: timestamp_ms=131325 (count=260)
[2026-09-18 22:16:04] [hb] updated: timestamp_ms=141389 (count=280)
[2026-09-18 22:16:14] [hb] updated: timestamp_ms=151472 (count=300)
[2026-09-18 22:16:24] [hb] updated: timestamp_ms=161549 (count=320)
[2026-09-18 22:17:15] [hb] updated: timestamp_ms=171632 (count=340)
[2026-09-18 22:17:25] [hb] updated: timestamp_ms=181705 (count=360)
[2026-09-18 22:17:35] [hb] updated: timestamp_ms=191804 (count=380)
[2026-09-18 22:17:45] [hb] updated: timestamp_ms=201896 (count=400)
[2026-09-18 22:17:57] [hb] updated: timestamp_ms=211959 (count=420)
[2026-09-18 22:18:07] [hb] updated: timestamp_ms=222040 (count=440)
[2026-09-18 22:18:17] [hb] updated: timestamp_ms=232157 (count=460)
[2026-09-18 22:18:37] [hb] updated: timestamp_ms=242272 (count=480)
[2026-09-18 22:18:47] [hb] updated: timestamp_ms=252415 (count=500)
[2026-09-18 22:18:58] [hb] updated: timestamp_ms=262557 (count=520)
[2026-09-18 22:19:08] [hb] updated: timestamp_ms=272696 (count=540)
[2026-09-18 22:19:18] [hb] updated: timestamp_ms=282836 (count=560)
[2026-09-18 22:19:28] [hb] updated: timestamp_ms=292977 (count=580)
[2026-09-18 22:19:38] [hb] updated: timestamp_ms=303119 (count=600)
[2026-09-18 22:19:48] [hb] updated: timestamp_ms=313259 (count=620)
[2026-09-18 22:19:58] [hb] updated: timestamp_ms=323400 (count=640)
[2026-09-18 22:20:09] [hb] updated: timestamp_ms=333541 (count=660)
[2026-09-18 22:20:19] [hb] updated: timestamp_ms=343681 (count=680)
[2026-09-18 22:20:29] [hb] updated: timestamp_ms=353822 (count=700)
[2026-09-18 22:20:39] [hb] updated: timestamp_ms=363962 (count=720)
[2026-09-18 22:20:49] [hb] updated: timestamp_ms=374104 (count=740)
[2026-09-18 22:20:59] [hb] updated: timestamp_ms=384246 (count=760)
[2026-09-18 22:21:09] [hb] updated: timestamp_ms=394388 (count=780)
[2026-09-18 22:21:20] [hb] updated: timestamp_ms=404529 (count=800)
[2026-09-18 22:21:30] [hb] updated: timestamp_ms=414670 (count=820)
[2026-09-18 22:21:40] [hb] updated: timestamp_ms=424813 (count=840)
[2026-09-18 22:21:50] [hb] updated: timestamp_ms=434954 (count=860)
[2026-09-18 22:22:00] [hb] updated: timestamp_ms=445097 (count=880)
[2026-09-18 22:22:10] [hb] updated: timestamp_ms=455237 (count=900)
[2026-09-18 22:22:20] [hb] updated: timestamp_ms=465379 (count=920)
[2026-09-18 22:22:31] [hb] updated: timestamp_ms=475520 (count=940)
[2026-09-18 22:22:41] [hb] updated: timestamp_ms=485667 (count=960)
[2026-09-18 22:22:51] [hb] updated: timestamp_ms=495809 (count=980)
[2026-09-18 22:23:01] [hb] updated: timestamp_ms=505949 (count=1000)
[2026-09-18 22:23:11] [hb] updated: timestamp_ms=516088 (count=1020)
[2026-09-18 22:23:21] [hb] updated: timestamp_ms=526228 (count=1040)
[2026-09-18 22:23:31] [hb] updated: timestamp_ms=536369 (count=1060)
[2026-09-18 22:23:42] [hb] updated: timestamp_ms=546514 (count=1080)
[2026-09-18 22:23:52] [hb] updated: timestamp_ms=556657 (count=1100)
[2026-09-18 22:24:02] [hb] updated: timestamp_ms=566798 (count=1120)
[2026-09-18 22:24:12] [hb] updated: timestamp_ms=576940 (count=1140)
[2026-09-18 22:24:22] [hb] updated: timestamp_ms=587080 (count=1160)
[2026-09-18 22:24:32] [hb] updated: timestamp_ms=597221 (count=1180)
[2026-09-18 22:24:42] [hb] updated: timestamp_ms=607363 (count=1200)
[2026-09-18 22:24:53] [hb] updated: timestamp_ms=617503 (count=1220)
[2026-09-18 22:25:03] [hb] updated: timestamp_ms=627645 (count=1240)
[2026-09-18 22:25:13] [hb] updated: timestamp_ms=637785 (count=1260)
[2026-09-18 22:25:23] [hb] updated: timestamp_ms=647926 (count=1280)
[2026-09-18 22:25:33] [hb] updated: timestamp_ms=658065 (count=1300)
[2026-09-18 22:25:43] [hb] updated: timestamp_ms=668206 (count=1320)
[2026-09-18 22:25:53] [hb] updated: timestamp_ms=678348 (count=1340)
[2026-09-18 22:26:03] [hb] updated: timestamp_ms=688488 (count=1360)
[2026-09-18 22:26:14] [hb] updated: timestamp_ms=698629 (count=1380)
[2026-09-18 22:26:24] [hb] updated: timestamp_ms=708770 (count=1400)
[2026-09-18 22:26:34] [hb] updated: timestamp_ms=718913 (count=1420)
[2026-09-18 22:26:44] [hb] updated: timestamp_ms=729056 (count=1440)
[2026-09-18 22:26:54] [hb] updated: timestamp_ms=739196 (count=1460)
[2026-09-18 22:27:04] [hb] updated: timestamp_ms=749337 (count=1480)
[2026-09-18 22:27:14] [hb] updated: timestamp_ms=759479 (count=1500)
[2026-09-18 22:27:25] [hb] updated: timestamp_ms=769620 (count=1520)
[2026-09-18 22:27:35] [hb] updated: timestamp_ms=779763 (count=1540)
[2026-09-18 22:27:45] [hb] updated: timestamp_ms=789904 (count=1560)
[2026-09-18 22:27:55] [hb] updated: timestamp_ms=800045 (count=1580)
[2026-09-18 22:28:05] [hb] updated: timestamp_ms=810185 (count=1600)
[2026-09-18 22:28:15] [hb] updated: timestamp_ms=820330 (count=1620)
[2026-09-18 22:28:25] [hb] updated: timestamp_ms=830471 (count=1640)
[2026-09-18 22:28:36] [hb] updated: timestamp_ms=840610 (count=1660)
[2026-09-18 22:28:46] [hb] updated: timestamp_ms=850753 (count=1680)
[2026-09-18 22:28:56] [hb] updated: timestamp_ms=860893 (count=1700)
[2026-09-18 22:29:06] [hb] updated: timestamp_ms=871034 (count=1720)
[2026-09-18 22:29:16] [hb] updated: timestamp_ms=881176 (count=1740)
[2026-09-18 22:29:26] [hb] updated: timestamp_ms=891317 (count=1760)
[2026-09-18 22:29:36] [hb] updated: timestamp_ms=901458 (count=1780)
[2026-09-18 22:29:47] [hb] updated: timestamp_ms=911599 (count=1800)
[2026-09-18 22:29:57] [hb] updated: timestamp_ms=921742 (count=1820)
[2026-09-18 22:30:07] [hb] updated: timestamp_ms=931886 (count=1840)
[2026-09-18 22:30:17] [hb] updated: timestamp_ms=942028 (count=1860)
[2026-09-18 22:30:27] [hb] updated: timestamp_ms=952168 (count=1880)
[2026-09-18 22:30:37] [hb] updated: timestamp_ms=962310 (count=1900)
[2026-09-18 22:30:47] [hb] updated: timestamp_ms=972452 (count=1920)
[2026-09-18 22:30:58] [hb] updated: timestamp_ms=982596 (count=1940)
[2026-09-18 22:31:08] [hb] updated: timestamp_ms=992737 (count=1960)
[2026-09-18 22:31:18] [hb] updated: timestamp_ms=1002877 (count=1980)
[2026-09-18 22:31:28] [hb] updated: timestamp_ms=1013018 (count=2000)
[2026-09-18 22:31:38] [hb] updated: timestamp_ms=1023161 (count=2020)
[2026-09-18 22:31:48] [hb] updated: timestamp_ms=1033301 (count=2040)
[2026-09-18 22:31:58] [hb] updated: timestamp_ms=1043442 (count=2060)
[2026-09-18 22:32:09] [hb] updated: timestamp_ms=1053582 (count=2080)
[2026-09-18 22:32:19] [hb] updated: timestamp_ms=1063723 (count=2100)
[2026-09-18 22:32:29] [hb] updated: timestamp_ms=1073864 (count=2120)
[2026-09-18 22:32:39] [hb] updated: timestamp_ms=1084007 (count=2140)
[2026-09-18 22:32:49] [hb] updated: timestamp_ms=1094148 (count=2160)
[2026-09-18 22:32:59] [hb] updated: timestamp_ms=1104287 (count=2180)
[2026-09-18 22:33:09] [hb] updated: timestamp_ms=1114429 (count=2200)
[2026-09-18 22:33:20] [hb] updated: timestamp_ms=1124570 (count=2220)
[2026-09-18 22:33:30] [hb] updated: timestamp_ms=1134711 (count=2240)
[2026-09-18 22:33:40] [hb] updated: timestamp_ms=1144851 (count=2260)
[2026-09-18 22:33:50] [hb] updated: timestamp_ms=1154994 (count=2280)
[2026-09-18 22:34:00] [hb] updated: timestamp_ms=1165135 (count=2300)
[2026-09-18 22:34:10] [hb] updated: timestamp_ms=1175281 (count=2320)
[2026-09-18 22:34:20] [hb] updated: timestamp_ms=1185421 (count=2340)
[2026-09-18 22:34:31] [hb] updated: timestamp_ms=1195561 (count=2360)
[2026-09-18 22:34:41] [hb] updated: timestamp_ms=1205702 (count=2380)
[2026-09-18 22:34:51] [hb] updated: timestamp_ms=1215845 (count=2400)
[2026-09-18 22:35:01] [hb] updated: timestamp_ms=1225986 (count=2420)
[2026-09-18 22:35:11] [hb] updated: timestamp_ms=1236126 (count=2440)
[2026-09-18 22:35:21] [hb] updated: timestamp_ms=1246266 (count=2460)
[2026-09-18 22:35:31] [hb] updated: timestamp_ms=1256407 (count=2480)
[2026-09-18 22:35:42] [hb] updated: timestamp_ms=1266547 (count=2500)
[2026-09-18 22:35:52] [hb] updated: timestamp_ms=1276687 (count=2520)
[2026-09-18 22:36:02] [hb] updated: timestamp_ms=1286826 (count=2540)
[2026-09-18 22:36:12] [hb] updated: timestamp_ms=1296969 (count=2560)
[2026-09-18 22:36:22] [hb] updated: timestamp_ms=1307111 (count=2580)
[2026-09-18 22:36:32] [hb] updated: timestamp_ms=1317254 (count=2600)
[2026-09-18 22:36:42] [hb] updated: timestamp_ms=1327399 (count=2620)
[2026-09-18 22:36:53] [hb] updated: timestamp_ms=1337538 (count=2640)
[2026-09-18 22:37:03] [hb] updated: timestamp_ms=1347679 (count=2660)
[2026-09-18 22:37:13] [hb] updated: timestamp_ms=1357820 (count=2680)
[2026-09-18 22:37:23] [hb] updated: timestamp_ms=1367963 (count=2700)
[2026-09-18 22:37:33] [hb] updated: timestamp_ms=1378103 (count=2720)
[2026-09-18 22:37:43] [hb] updated: timestamp_ms=1388242 (count=2740)
[2026-09-18 22:37:53] [hb] updated: timestamp_ms=1398387 (count=2760)
[2026-09-18 22:38:04] [hb] updated: timestamp_ms=1408528 (count=2780)
[2026-09-18 22:38:14] [hb] updated: timestamp_ms=1418670 (count=2800)
[2026-09-18 22:38:24] [hb] updated: timestamp_ms=1428812 (count=2820)
[2026-09-18 22:38:34] [hb] updated: timestamp_ms=1438954 (count=2840)
[2026-09-18 22:38:44] [hb] updated: timestamp_ms=1449094 (count=2860)
[2026-09-18 22:38:54] [hb] updated: timestamp_ms=1459233 (count=2880)
[2026-09-18 22:39:04] [hb] updated: timestamp_ms=1469374 (count=2900)
[2026-09-18 22:39:15] [hb] updated: timestamp_ms=1479514 (count=2920)
[2026-09-18 22:39:25] [hb] updated: timestamp_ms=1489658 (count=2940)
[2026-09-18 22:39:35] [hb] updated: timestamp_ms=1499799 (count=2960)
[2026-09-18 22:39:45] [hb] updated: timestamp_ms=1509940 (count=2980)
[2026-09-18 22:39:55] [hb] updated: timestamp_ms=1520081 (count=3000)
[2026-09-18 22:40:05] [hb] updated: timestamp_ms=1530222 (count=3020)
[2026-09-18 22:40:15] [hb] updated: timestamp_ms=1540362 (count=3040)
[2026-09-18 22:40:26] [hb] updated: timestamp_ms=1550503 (count=3060)
[2026-09-18 22:40:36] [hb] updated: timestamp_ms=1560646 (count=3080)
[2026-09-18 22:40:46] [hb] updated: timestamp_ms=1570787 (count=3100)
[2026-09-18 22:40:56] [hb] updated: timestamp_ms=1580927 (count=3120)
[2026-09-18 22:41:06] [hb] updated: timestamp_ms=1591068 (count=3140)
[2026-09-18 22:41:16] [hb] updated: timestamp_ms=1601207 (count=3160)
[2026-09-18 22:41:26] [hb] updated: timestamp_ms=1611350 (count=3180)
[2026-09-18 22:41:36] [hb] updated: timestamp_ms=1621489 (count=3200)
[2026-09-18 22:41:47] [hb] updated: timestamp_ms=1631630 (count=3220)
[2026-09-18 22:41:57] [hb] updated: timestamp_ms=1641775 (count=3240)
[2026-09-18 22:42:07] [hb] updated: timestamp_ms=1651915 (count=3260)
[2026-09-18 22:42:17] [hb] updated: timestamp_ms=1662057 (count=3280)
[2026-09-18 22:42:27] [hb] updated: timestamp_ms=1672196 (count=3300)
[2026-09-18 22:42:37] [hb] updated: timestamp_ms=1682338 (count=3320)
[2026-09-18 22:42:47] [hb] updated: timestamp_ms=1692479 (count=3340)
[2026-09-18 22:42:58] [hb] updated: timestamp_ms=1702625 (count=3360)
[2026-09-18 22:43:08] [hb] updated: timestamp_ms=1712765 (count=3380)
[2026-09-18 22:43:18] [hb] updated: timestamp_ms=1722905 (count=3400)
[2026-09-18 22:43:28] [hb] updated: timestamp_ms=1733047 (count=3420)
[2026-09-18 22:43:38] [hb] updated: timestamp_ms=1743188 (count=3440)
[2026-09-18 22:43:48] [hb] updated: timestamp_ms=1753328 (count=3460)
[2026-09-18 22:43:58] [hb] updated: timestamp_ms=1763467 (count=3480)
[2026-09-18 22:44:09] [hb] updated: timestamp_ms=1773609 (count=3500)
[2026-09-18 22:44:19] [hb] updated: timestamp_ms=1783748 (count=3520)
[2026-09-18 22:44:29] [hb] updated: timestamp_ms=1793885 (count=3540)
[2026-09-18 22:44:39] [hb] updated: timestamp_ms=1804024 (count=3560)
[2026-09-18 22:44:49] [hb] updated: timestamp_ms=1814165 (count=3580)
[2026-09-18 22:44:59] [hb] updated: timestamp_ms=1824306 (count=3600)
[2026-09-18 22:45:09] [hb] updated: timestamp_ms=1834447 (count=3620)
[2026-09-18 22:45:20] [hb] updated: timestamp_ms=1844588 (count=3640)
[2026-09-18 22:45:30] [hb] updated: timestamp_ms=1854729 (count=3660)
[2026-09-18 22:45:40] [hb] updated: timestamp_ms=1864871 (count=3680)
[2026-09-18 22:45:50] [hb] updated: timestamp_ms=1875012 (count=3700)
[2026-09-18 22:46:00] [hb] updated: timestamp_ms=1885160 (count=3720)
[2026-09-18 22:46:10] [hb] updated: timestamp_ms=1895301 (count=3740)
[2026-09-18 22:46:20] [hb] updated: timestamp_ms=1905442 (count=3760)
[2026-09-18 22:46:31] [hb] updated: timestamp_ms=1915582 (count=3780)
[2026-09-18 22:46:41] [hb] updated: timestamp_ms=1925723 (count=3800)
[2026-09-18 22:46:51] [hb] updated: timestamp_ms=1935862 (count=3820)
[2026-09-18 22:47:01] [hb] updated: timestamp_ms=1946005 (count=3840)
[2026-09-18 22:47:11] [hb] updated: timestamp_ms=1956145 (count=3860)
[2026-09-18 22:47:21] [hb] updated: timestamp_ms=1966279 (count=3880)
[2026-09-18 22:47:31] [hb] updated: timestamp_ms=1976419 (count=3900)
[2026-09-18 22:47:42] [hb] updated: timestamp_ms=1986558 (count=3920)
[2026-09-18 22:47:52] [hb] updated: timestamp_ms=1996697 (count=3940)
[2026-09-18 22:48:02] [hb] updated: timestamp_ms=2006838 (count=3960)
[2026-09-18 22:48:12] [hb] updated: timestamp_ms=2016979 (count=3980)
[2026-09-18 22:48:22] [hb] updated: timestamp_ms=2027120 (count=4000)
[2026-09-18 22:48:32] [hb] updated: timestamp_ms=2037260 (count=4020)
[2026-09-18 22:48:42] [hb] updated: timestamp_ms=2047404 (count=4040)
[2026-09-18 22:48:53] [hb] updated: timestamp_ms=2057548 (count=4060)
[2026-09-18 22:49:03] [hb] updated: timestamp_ms=2067687 (count=4080)
[2026-09-18 22:49:13] [hb] updated: timestamp_ms=2077832 (count=4100)
[2026-09-18 22:49:23] [hb] updated: timestamp_ms=2087973 (count=4120)
[2026-09-18 22:49:33] [hb] updated: timestamp_ms=2098114 (count=4140)
[2026-09-18 22:49:43] [hb] updated: timestamp_ms=2108260 (count=4160)
[2026-09-18 22:49:53] [hb] updated: timestamp_ms=2118402 (count=4180)
[2026-09-18 22:50:04] [hb] updated: timestamp_ms=2128545 (count=4200)
[2026-09-18 22:50:14] [hb] updated: timestamp_ms=2138686 (count=4220)
[2026-09-18 22:50:24] [hb] updated: timestamp_ms=2148827 (count=4240)
[2026-09-18 22:50:34] [hb] updated: timestamp_ms=2158967 (count=4260)
[2026-09-18 22:50:44] [hb] updated: timestamp_ms=2169112 (count=4280)
[2026-09-18 22:50:54] [hb] updated: timestamp_ms=2179253 (count=4300)
[2026-09-18 22:51:04] [hb] updated: timestamp_ms=2189396 (count=4320)
[2026-09-18 22:51:15] [hb] updated: timestamp_ms=2199538 (count=4340)
[2026-09-18 22:51:25] [hb] updated: timestamp_ms=2209681 (count=4360)
[2026-09-18 22:51:35] [hb] updated: timestamp_ms=2219824 (count=4380)
[2026-09-18 22:51:45] [hb] updated: timestamp_ms=2229967 (count=4400)
[2026-09-18 22:51:55] [hb] updated: timestamp_ms=2240109 (count=4420)
[2026-09-18 22:52:05] [hb] updated: timestamp_ms=2250251 (count=4440)
[2026-09-18 22:52:15] [hb] updated: timestamp_ms=2260397 (count=4460)
[2026-09-18 22:52:26] [hb] updated: timestamp_ms=2270538 (count=4480)
[2026-09-18 22:52:36] [hb] updated: timestamp_ms=2280679 (count=4500)
[2026-09-18 22:52:46] [hb] updated: timestamp_ms=2290821 (count=4520)
[2026-09-18 22:52:56] [hb] updated: timestamp_ms=2300963 (count=4540)
[2026-09-18 22:53:06] [hb] updated: timestamp_ms=2311105 (count=4560)
[2026-09-18 22:53:16] [hb] updated: timestamp_ms=2321248 (count=4580)
[2026-09-18 22:53:26] [hb] updated: timestamp_ms=2331391 (count=4600)
[2026-09-18 22:53:37] [hb] updated: timestamp_ms=2341535 (count=4620)
[2026-09-18 22:53:47] [hb] updated: timestamp_ms=2351674 (count=4640)
[2026-09-18 22:53:57] [hb] updated: timestamp_ms=2361816 (count=4660)
[2026-09-18 22:54:07] [hb] updated: timestamp_ms=2371959 (count=4680)
[2026-09-18 22:54:17] [hb] updated: timestamp_ms=2382100 (count=4700)
[2026-09-18 22:54:27] [hb] updated: timestamp_ms=2392243 (count=4720)
[2026-09-18 22:54:37] [hb] updated: timestamp_ms=2402386 (count=4740)
[2026-09-18 22:54:48] [hb] updated: timestamp_ms=2412526 (count=4760)
[2026-09-18 22:54:58] [hb] updated: timestamp_ms=2422671 (count=4780)
[2026-09-18 22:55:08] [hb] updated: timestamp_ms=2432807 (count=4800)
[2026-09-18 22:55:18] [hb] updated: timestamp_ms=2442951 (count=4820)
[2026-09-18 22:55:28] [hb] updated: timestamp_ms=2453092 (count=4840)
[2026-09-18 22:55:38] [hb] updated: timestamp_ms=2463236 (count=4860)
[2026-09-18 22:55:48] [hb] updated: timestamp_ms=2473377 (count=4880)
[2026-09-18 22:55:59] [hb] updated: timestamp_ms=2483519 (count=4900)
[2026-09-18 22:56:09] [hb] updated: timestamp_ms=2493661 (count=4920)
[2026-09-18 22:56:19] [hb] updated: timestamp_ms=2503804 (count=4940)
[2026-09-18 22:56:29] [hb] updated: timestamp_ms=2513950 (count=4960)
[2026-09-18 22:56:39] [hb] updated: timestamp_ms=2524093 (count=4980)
[2026-09-18 22:56:49] [hb] updated: timestamp_ms=2534235 (count=5000)
[2026-09-18 22:56:59] [hb] updated: timestamp_ms=2544375 (count=5020)
[2026-09-18 22:57:10] [hb] updated: timestamp_ms=2554517 (count=5040)
[2026-09-18 22:57:20] [hb] updated: timestamp_ms=2564660 (count=5060)
[2026-09-18 22:57:30] [hb] updated: timestamp_ms=2574804 (count=5080)
[2026-09-18 22:57:40] [hb] updated: timestamp_ms=2584946 (count=5100)
[2026-09-18 22:57:50] [hb] updated: timestamp_ms=2595086 (count=5120)
[2026-09-18 22:58:00] [hb] updated: timestamp_ms=2605231 (count=5140)
[2026-09-18 22:58:10] [hb] updated: timestamp_ms=2615371 (count=5160)
[2026-09-18 22:58:21] [hb] updated: timestamp_ms=2625511 (count=5180)
[2026-09-18 22:58:31] [hb] updated: timestamp_ms=2635655 (count=5200)
[2026-09-18 22:58:41] [hb] updated: timestamp_ms=2645796 (count=5220)
[2026-09-18 22:58:51] [hb] updated: timestamp_ms=2655938 (count=5240)
[2026-09-18 22:59:01] [hb] updated: timestamp_ms=2666081 (count=5260)
[2026-09-18 22:59:11] [hb] updated: timestamp_ms=2676223 (count=5280)
[2026-09-18 22:59:21] [hb] updated: timestamp_ms=2686368 (count=5300)
[2026-09-18 22:59:32] [hb] updated: timestamp_ms=2696513 (count=5320)
[2026-09-18 22:59:42] [hb] updated: timestamp_ms=2706657 (count=5340)
[2026-09-18 22:59:52] [hb] updated: timestamp_ms=2716800 (count=5360)
[2026-09-18 23:00:02] [hb] updated: timestamp_ms=2726941 (count=5380)
[2026-09-18 23:00:12] [hb] updated: timestamp_ms=2737082 (count=5400)
[2026-09-18 23:00:22] [hb] updated: timestamp_ms=2747224 (count=5420)
[2026-09-18 23:00:32] [hb] updated: timestamp_ms=2757365 (count=5440)
[2026-09-18 23:00:43] [hb] updated: timestamp_ms=2767507 (count=5460)
[2026-09-18 23:00:53] [hb] updated: timestamp_ms=2777653 (count=5480)
[2026-09-18 23:01:03] [hb] updated: timestamp_ms=2787796 (count=5500)
[2026-09-18 23:01:13] [hb] updated: timestamp_ms=2797937 (count=5520)
[2026-09-18 23:01:23] [hb] updated: timestamp_ms=2808081 (count=5540)
[2026-09-18 23:01:33] [hb] updated: timestamp_ms=2818224 (count=5560)
[2026-09-18 23:01:43] [hb] updated: timestamp_ms=2828365 (count=5580)
[2026-09-18 23:01:54] [hb] updated: timestamp_ms=2838507 (count=5600)
[2026-09-18 23:02:04] [hb] updated: timestamp_ms=2848650 (count=5620)
[2026-09-18 23:02:14] [hb] updated: timestamp_ms=2858790 (count=5640)
[2026-09-18 23:02:24] [hb] updated: timestamp_ms=2868937 (count=5660)
[2026-09-18 23:02:34] [hb] updated: timestamp_ms=2879077 (count=5680)
[2026-09-18 23:02:44] [hb] updated: timestamp_ms=2889219 (count=5700)
[2026-09-18 23:02:54] [hb] updated: timestamp_ms=2899360 (count=5720)
[2026-09-18 23:03:05] [hb] updated: timestamp_ms=2909501 (count=5740)
[2026-09-18 23:03:15] [hb] updated: timestamp_ms=2919641 (count=5760)
[2026-09-18 23:03:25] [hb] updated: timestamp_ms=2929829 (count=5780)
[2026-09-18 23:03:35] [hb] updated: timestamp_ms=2939974 (count=5800)
[2026-09-18 23:03:45] [hb] updated: timestamp_ms=2950117 (count=5820)
[2026-09-18 23:03:55] [hb] updated: timestamp_ms=2960259 (count=5840)
[2026-09-18 23:04:05] [hb] updated: timestamp_ms=2970400 (count=5860)
[2026-09-18 23:04:16] [hb] updated: timestamp_ms=2980545 (count=5880)
[2026-09-18 23:04:26] [hb] updated: timestamp_ms=2990687 (count=5900)
[2026-09-18 23:04:36] [hb] updated: timestamp_ms=3000829 (count=5920)
[2026-09-18 23:04:46] [hb] updated: timestamp_ms=3010970 (count=5940)
[2026-09-18 23:04:56] [hb] updated: timestamp_ms=3021110 (count=5960)
[2026-09-18 23:05:06] [hb] updated: timestamp_ms=3031250 (count=5980)
[2026-09-18 23:05:16] [hb] updated: timestamp_ms=3041391 (count=6000)
[2026-09-18 23:05:27] [hb] updated: timestamp_ms=3051533 (count=6020)
[2026-09-18 23:05:37] [hb] updated: timestamp_ms=3061676 (count=6040)
[2026-09-18 23:05:47] [hb] updated: timestamp_ms=3071818 (count=6060)
[2026-09-18 23:05:57] [hb] updated: timestamp_ms=3081958 (count=6080)
[2026-09-18 23:06:07] [hb] updated: timestamp_ms=3092100 (count=6100)
[2026-09-18 23:06:17] [hb] updated: timestamp_ms=3102242 (count=6120)
[2026-09-18 23:06:27] [hb] updated: timestamp_ms=3112382 (count=6140)
[2026-09-18 23:06:38] [hb] updated: timestamp_ms=3122524 (count=6160)
[2026-09-18 23:06:48] [hb] updated: timestamp_ms=3132665 (count=6180)
[2026-09-18 23:06:58] [hb] updated: timestamp_ms=3142807 (count=6200)
[2026-09-18 23:07:08] [hb] updated: timestamp_ms=3152950 (count=6220)
[2026-09-18 23:07:18] [hb] updated: timestamp_ms=3163090 (count=6240)
[2026-09-18 23:07:28] [hb] updated: timestamp_ms=3173231 (count=6260)
[2026-09-18 23:07:38] [hb] updated: timestamp_ms=3183374 (count=6280)
[2026-09-18 23:07:49] [hb] updated: timestamp_ms=3193516 (count=6300)
[2026-09-18 23:07:59] [hb] updated: timestamp_ms=3203659 (count=6320)
[2026-09-18 23:08:09] [hb] updated: timestamp_ms=3213800 (count=6340)
[2026-09-18 23:08:19] [hb] updated: timestamp_ms=3223943 (count=6360)
[2026-09-18 23:08:29] [hb] updated: timestamp_ms=3234084 (count=6380)
[2026-09-18 23:08:39] [hb] updated: timestamp_ms=3244227 (count=6400)
[2026-09-18 23:08:49] [hb] updated: timestamp_ms=3254368 (count=6420)
[2026-09-18 23:09:00] [hb] updated: timestamp_ms=3264510 (count=6440)
[2026-09-18 23:09:10] [hb] updated: timestamp_ms=3274657 (count=6460)
[2026-09-18 23:09:20] [hb] updated: timestamp_ms=3284798 (count=6480)
[2026-09-18 23:09:30] [hb] updated: timestamp_ms=3294942 (count=6500)
[2026-09-18 23:09:40] [hb] updated: timestamp_ms=3305084 (count=6520)
[2026-09-18 23:09:50] [hb] updated: timestamp_ms=3315228 (count=6540)
[2026-09-18 23:10:00] [hb] updated: timestamp_ms=3325372 (count=6560)
[2026-09-18 23:10:11] [hb] updated: timestamp_ms=3335513 (count=6580)
[2026-09-18 23:10:21] [hb] updated: timestamp_ms=3345655 (count=6600)
[2026-09-18 23:10:31] [hb] updated: timestamp_ms=3355796 (count=6620)
[2026-09-18 23:10:41] [hb] updated: timestamp_ms=3365940 (count=6640)
[2026-09-18 23:10:51] [hb] updated: timestamp_ms=3376085 (count=6660)
[2026-09-18 23:11:01] [hb] updated: timestamp_ms=3386226 (count=6680)
[2026-09-18 23:11:11] [hb] updated: timestamp_ms=3396369 (count=6700)
[2026-09-18 23:11:22] [hb] updated: timestamp_ms=3406511 (count=6720)
[2026-09-18 23:11:32] [hb] updated: timestamp_ms=3416653 (count=6740)
[2026-09-18 23:11:42] [hb] updated: timestamp_ms=3426798 (count=6760)
[2026-09-18 23:11:52] [hb] updated: timestamp_ms=3436937 (count=6780)
[2026-09-18 23:12:02] [hb] updated: timestamp_ms=3447079 (count=6800)
[2026-09-18 23:12:12] [hb] updated: timestamp_ms=3457219 (count=6820)
[2026-09-18 23:12:22] [hb] updated: timestamp_ms=3467361 (count=6840)
[2026-09-18 23:12:33] [hb] updated: timestamp_ms=3477503 (count=6860)
[2026-09-18 23:12:43] [hb] updated: timestamp_ms=3487647 (count=6880)
[2026-09-18 23:12:53] [hb] updated: timestamp_ms=3497793 (count=6900)
[2026-09-18 23:13:03] [hb] updated: timestamp_ms=3507935 (count=6920)
[2026-09-18 23:13:13] [hb] updated: timestamp_ms=3518075 (count=6940)
[2026-09-18 23:13:23] [hb] updated: timestamp_ms=3528216 (count=6960)
[2026-09-18 23:13:33] [hb] updated: timestamp_ms=3538357 (count=6980)
[2026-09-18 23:13:44] [hb] updated: timestamp_ms=3548499 (count=7000)
[2026-09-18 23:13:54] [hb] updated: timestamp_ms=3558640 (count=7020)
[2026-09-18 23:14:04] [hb] updated: timestamp_ms=3568782 (count=7040)
[2026-09-18 23:14:14] [hb] updated: timestamp_ms=3578924 (count=7060)
[2026-09-18 23:14:24] [hb] updated: timestamp_ms=3589067 (count=7080)
[2026-09-18 23:14:34] [hb] updated: timestamp_ms=3599209 (count=7100)
[2026-09-18 23:14:44] [hb] updated: timestamp_ms=3609349 (count=7120)
[2026-09-18 23:14:55] [hb] updated: timestamp_ms=3619485 (count=7140)
[2026-09-18 23:15:05] [hb] updated: timestamp_ms=3629625 (count=7160)
[2026-09-18 23:15:15] [hb] updated: timestamp_ms=3639768 (count=7180)
[2026-09-18 23:15:25] [hb] updated: timestamp_ms=3649911 (count=7200)
[2026-09-18 23:15:35] [hb] updated: timestamp_ms=3660051 (count=7220)
[2026-09-18 23:15:45] [hb] updated: timestamp_ms=3670195 (count=7240)
[2026-09-18 23:15:55] [hb] updated: timestamp_ms=3680336 (count=7260)
[2026-09-18 23:16:06] [hb] updated: timestamp_ms=3690477 (count=7280)
[2026-09-18 23:16:16] [hb] updated: timestamp_ms=3700618 (count=7300)
[2026-09-18 23:16:26] [hb] updated: timestamp_ms=3710761 (count=7320)
[2026-09-18 23:16:36] [hb] updated: timestamp_ms=3720905 (count=7340)
[2026-09-18 23:16:46] [hb] updated: timestamp_ms=3731046 (count=7360)
[2026-09-18 23:16:56] [hb] updated: timestamp_ms=3741188 (count=7380)
[2026-09-18 23:17:06] [hb] updated: timestamp_ms=3751330 (count=7400)
[2026-09-18 23:17:17] [hb] updated: timestamp_ms=3761467 (count=7420)
[2026-09-18 23:17:27] [hb] updated: timestamp_ms=3771608 (count=7440)
[2026-09-18 23:17:37] [hb] updated: timestamp_ms=3781751 (count=7460)
[2026-09-18 23:17:47] [hb] updated: timestamp_ms=3791892 (count=7480)
[2026-09-18 23:17:57] [hb] updated: timestamp_ms=3802033 (count=7500)
[2026-09-18 23:18:07] [hb] updated: timestamp_ms=3812176 (count=7520)
[2026-09-18 23:18:17] [hb] updated: timestamp_ms=3822319 (count=7540)
[2026-09-18 23:18:28] [hb] updated: timestamp_ms=3832464 (count=7560)
[2026-09-18 23:18:38] [hb] updated: timestamp_ms=3842607 (count=7580)
[2026-09-18 23:18:48] [hb] updated: timestamp_ms=3852749 (count=7600)
[2026-09-18 23:18:58] [hb] updated: timestamp_ms=3862890 (count=7620)
[2026-09-18 23:19:08] [hb] updated: timestamp_ms=3873033 (count=7640)
[2026-09-18 23:19:18] [hb] updated: timestamp_ms=3883175 (count=7660)
[2026-09-18 23:19:28] [hb] updated: timestamp_ms=3893318 (count=7680)
[2026-09-18 23:19:39] [hb] updated: timestamp_ms=3903464 (count=7700)
[2026-09-18 23:19:49] [hb] updated: timestamp_ms=3913606 (count=7720)
[2026-09-18 23:19:59] [hb] updated: timestamp_ms=3923747 (count=7740)
[2026-09-18 23:20:09] [hb] updated: timestamp_ms=3933888 (count=7760)
[2026-09-18 23:20:19] [hb] updated: timestamp_ms=3944029 (count=7780)
[2026-09-18 23:20:29] [hb] updated: timestamp_ms=3954169 (count=7800)
[2026-09-18 23:20:39] [hb] updated: timestamp_ms=3964310 (count=7820)
[2026-09-18 23:20:50] [hb] updated: timestamp_ms=3974452 (count=7840)
[2026-09-18 23:21:00] [hb] updated: timestamp_ms=3984593 (count=7860)
[2026-09-18 23:21:10] [hb] updated: timestamp_ms=3994734 (count=7880)
[2026-09-18 23:21:20] [hb] updated: timestamp_ms=4004875 (count=7900)
[2026-09-18 23:21:30] [hb] updated: timestamp_ms=4015016 (count=7920)
[2026-09-18 23:21:40] [hb] updated: timestamp_ms=4025163 (count=7940)
[2026-09-18 23:21:50] [hb] updated: timestamp_ms=4035304 (count=7960)
[2026-09-18 23:22:01] [hb] updated: timestamp_ms=4045445 (count=7980)
[2026-09-18 23:22:11] [hb] updated: timestamp_ms=4055590 (count=8000)
[2026-09-18 23:22:21] [hb] updated: timestamp_ms=4065732 (count=8020)
[2026-09-18 23:22:31] [hb] updated: timestamp_ms=4075874 (count=8040)
[2026-09-18 23:22:41] [hb] updated: timestamp_ms=4086015 (count=8060)
[2026-09-18 23:22:51] [hb] updated: timestamp_ms=4096155 (count=8080)
[2026-09-18 23:23:01] [hb] updated: timestamp_ms=4106296 (count=8100)
[2026-09-18 23:23:12] [hb] updated: timestamp_ms=4116437 (count=8120)
[2026-09-18 23:23:22] [hb] updated: timestamp_ms=4126578 (count=8140)
[2026-09-18 23:23:32] [hb] updated: timestamp_ms=4136724 (count=8160)
[2026-09-18 23:23:42] [hb] updated: timestamp_ms=4146865 (count=8180)
[2026-09-18 23:23:52] [hb] updated: timestamp_ms=4157007 (count=8200)
[2026-09-18 23:32:58] [hb] updated: timestamp_ms=4167111 (count=8220)
[2026-09-18 23:33:08] [hb] updated: timestamp_ms=4177197 (count=8240)
[2026-09-18 23:33:18] [hb] updated: timestamp_ms=4187280 (count=8260)
[2026-09-18 23:33:28] [hb] updated: timestamp_ms=4197359 (count=8280)
[2026-09-18 23:33:38] [hb] updated: timestamp_ms=4207475 (count=8300)
[2026-09-18 23:33:48] [hb] updated: timestamp_ms=4217602 (count=8320)
[2026-09-18 23:52:11] [init] Municipal AI started successfully (Phase 3 Decision Engine Online)
[2026-09-18 23:52:11] [hb] updated: timestamp_ms=625 (count=1)
[2026-09-18 23:52:11] [hb] updated: timestamp_ms=1128 (count=2)
[2026-09-18 23:52:12] [hb] updated: timestamp_ms=1629 (count=3)
[2026-09-18 23:52:12] [hb] updated: timestamp_ms=2130 (count=4)
[2026-09-18 23:52:13] [hb] updated: timestamp_ms=2630 (count=5)
[2026-09-18 23:52:21] [hb] updated: timestamp_ms=10183 (count=20)
[2026-09-18 23:52:40] [hb] updated: timestamp_ms=20294 (count=40)
[2026-09-18 23:55:07] [hb] updated: timestamp_ms=30382 (count=60)
[2026-09-18 23:55:33] [hb] updated: timestamp_ms=40470 (count=80)
[2026-09-18 23:55:43] [hb] updated: timestamp_ms=50534 (count=100)
[2026-09-18 23:55:53] [hb] updated: timestamp_ms=60586 (count=120)
[2026-09-19 13:47:12] [init] Municipal AI started successfully (Phase 3 Decision Engine Online)
[2026-09-19 13:57:09] [init] Municipal AI started successfully (Phase 3 Decision Engine Online)
[2026-09-19 13:57:09] [hb] updated: timestamp_ms=626 (count=1)
[2026-09-19 13:57:10] [hb] updated: timestamp_ms=1127 (count=2)
[2026-09-19 13:57:10] [hb] updated: timestamp_ms=1627 (count=3)
[2026-09-19 13:57:11] [hb] updated: timestamp_ms=2128 (count=4)
[2026-09-19 13:57:11] [hb] updated: timestamp_ms=2628 (count=5)
[2026-09-19 14:13:03] [init] Municipal AI started successfully (Phase 3 Decision Engine Online)
[2026-09-19 14:13:03] [hb] updated: timestamp_ms=625 (count=1)
[2026-09-19 14:13:03] [hb] updated: timestamp_ms=1127 (count=2)
[2026-09-19 14:13:04] [hb] updated: timestamp_ms=1627 (count=3)
[2026-09-19 14:13:04] [hb] updated: timestamp_ms=2128 (count=4)
[2026-09-19 14:13:05] [hb] updated: timestamp_ms=2629 (count=5)
[2026-09-19 14:42:11] [init] Municipal AI started successfully (Phase 3 Decision Engine Online)
[2026-09-19 14:42:11] [hb] updated: timestamp_ms=625 (count=1)
[2026-09-19 15:17:57] [init] Municipal AI started successfully (Phase 3 Decision Engine Online)
[2026-09-19 15:17:57] [hb] updated: timestamp_ms=646 (count=1)
[2026-09-19 15:17:58] [hb] updated: timestamp_ms=1147 (count=2)
[2026-09-19 15:17:58] [hb] updated: timestamp_ms=1648 (count=3)
[2026-09-19 15:17:59] [hb] updated: timestamp_ms=2148 (count=4)
[2026-09-19 15:17:59] [hb] updated: timestamp_ms=2649 (count=5)
[2026-09-19 15:18:07] [hb] updated: timestamp_ms=10206 (count=20)
[2026-09-19 19:10:29] [init] Municipal AI started successfully (Phase 3 Decision Engine Online)
[2026-09-19 19:10:29] [hb] updated: timestamp_ms=626 (count=1)
[2026-09-19 19:10:30] [hb] updated: timestamp_ms=1129 (count=2)
[2026-09-19 19:10:30] [hb] updated: timestamp_ms=1629 (count=3)
[2026-09-19 19:10:31] [hb] updated: timestamp_ms=2130 (count=4)
[2026-09-19 19:10:31] [hb] updated: timestamp_ms=2630 (count=5)
[2026-09-19 20:01:18] [init] Municipal AI started successfully (Phase 3 Decision Engine Online)
[2026-09-19 20:01:18] [hb] updated: timestamp_ms=624 (count=1)
[2026-09-19 20:01:18] [hb] updated: timestamp_ms=1124 (count=2)
[2026-09-19 20:01:19] [hb] updated: timestamp_ms=1625 (count=3)
[2026-09-19 20:01:19] [hb] updated: timestamp_ms=2125 (count=4)
[2026-09-19 20:01:20] [hb] updated: timestamp_ms=2626 (count=5)
[2026-09-19 20:06:19] [init] Municipal AI started successfully (Phase 3 Decision Engine Online)
[2026-09-19 20:06:19] [hb] updated: timestamp_ms=625 (count=1)
[2026-09-19 20:06:20] [hb] updated: timestamp_ms=1127 (count=2)
[2026-09-19 20:06:20] [hb] updated: timestamp_ms=1628 (count=3)
[2026-09-19 20:06:21] [hb] updated: timestamp_ms=2128 (count=4)
[2026-09-19 20:06:21] [hb] updated: timestamp_ms=2629 (count=5)
[2026-09-19 20:14:50] [init] Municipal AI started successfully (Phase 3 Decision Engine Online)
[2026-09-19 20:14:50] [hb] updated: timestamp_ms=625 (count=1)
[2026-09-19 20:14:51] [hb] updated: timestamp_ms=1126 (count=2)
[2026-09-19 20:14:51] [hb] updated: timestamp_ms=1627 (count=3)
[2026-09-19 20:14:52] [hb] updated: timestamp_ms=2127 (count=4)
[2026-09-19 20:14:52] [hb] updated: timestamp_ms=2628 (count=5)
[2026-09-19 20:21:24] [init] Municipal AI started successfully (Phase 3 Decision Engine Online)
[2026-09-19 20:21:24] [hb] updated: timestamp_ms=626 (count=1)
[2026-09-19 20:21:24] [hb] updated: timestamp_ms=1127 (count=2)
[2026-09-19 20:21:25] [hb] updated: timestamp_ms=1627 (count=3)
[2026-09-19 20:21:25] [hb] updated: timestamp_ms=2127 (count=4)
[2026-09-19 20:21:26] [hb] updated: timestamp_ms=2628 (count=5)
[2026-09-19 20:23:40] [init] Municipal AI started successfully (Phase 3 Decision Engine Online)
[2026-09-19 20:23:40] [hb] updated: timestamp_ms=625 (count=1)
[2026-09-19 20:23:40] [hb] updated: timestamp_ms=1125 (count=2)
[2026-09-19 20:23:41] [hb] updated: timestamp_ms=1625 (count=3)
[2026-09-19 20:23:41] [hb] updated: timestamp_ms=2126 (count=4)
[2026-09-19 20:23:42] [hb] updated: timestamp_ms=2626 (count=5)
[2026-09-19 20:27:20] [init] Municipal AI started successfully (Phase 3 Decision Engine Online)
[2026-09-19 20:27:20] [hb] updated: timestamp_ms=625 (count=1)
[2026-09-19 20:27:21] [hb] updated: timestamp_ms=1128 (count=2)
[2026-09-19 20:27:21] [hb] updated: timestamp_ms=1629 (count=3)
[2026-09-19 20:27:22] [hb] updated: timestamp_ms=2130 (count=4)
[2026-09-19 20:27:22] [hb] updated: timestamp_ms=2630 (count=5)
[2026-09-19 20:39:50] [init] Municipal AI started successfully (Phase 3 Decision Engine Online)
[2026-09-19 20:39:50] [hb] updated: timestamp_ms=625 (count=1)
[2026-09-19 20:39:50] [hb] updated: timestamp_ms=1128 (count=2)
[2026-09-19 20:39:51] [hb] updated: timestamp_ms=1629 (count=3)
[2026-09-19 20:39:51] [hb] updated: timestamp_ms=2129 (count=4)
[2026-09-19 20:39:52] [hb] updated: timestamp_ms=2629 (count=5)
[2026-09-19 21:31:21] [init] Municipal AI started successfully (Phase 3 Decision Engine Online)
[2026-09-19 21:31:21] [hb] updated: timestamp_ms=630 (count=1)
[2026-09-19 21:31:22] [hb] updated: timestamp_ms=1132 (count=2)
[2026-09-19 21:31:24] [hb] updated: timestamp_ms=1632 (count=3)
[2026-09-19 21:31:24] [hb] updated: timestamp_ms=2132 (count=4)
[2026-09-19 21:31:25] [hb] updated: timestamp_ms=2633 (count=5)
[2026-09-19 21:31:33] [hb] updated: timestamp_ms=10133 (count=20)
[2026-09-19 21:31:43] [hb] updated: timestamp_ms=20133 (count=40)
[2026-09-19 21:31:53] [hb] updated: timestamp_ms=30133 (count=60)
[2026-09-19 21:32:03] [hb] updated: timestamp_ms=40134 (count=80)
[2026-09-19 21:32:13] [hb] updated: timestamp_ms=50137 (count=100)
[2026-09-19 21:32:23] [hb] updated: timestamp_ms=60139 (count=120)
[2026-09-19 21:32:33] [hb] updated: timestamp_ms=70139 (count=140)
[2026-09-19 21:32:43] [hb] updated: timestamp_ms=80141 (count=160)
[2026-09-19 21:32:53] [hb] updated: timestamp_ms=90141 (count=180)
[2026-09-19 21:33:03] [hb] updated: timestamp_ms=100142 (count=200)
[2026-09-19 21:33:13] [hb] updated: timestamp_ms=110147 (count=220)
[2026-09-19 21:33:23] [hb] updated: timestamp_ms=120162 (count=240)
[2026-09-19 21:33:33] [hb] updated: timestamp_ms=130180 (count=260)
[2026-09-19 21:33:43] [hb] updated: timestamp_ms=140210 (count=280)
[2026-09-19 21:33:53] [hb] updated: timestamp_ms=150230 (count=300)
[2026-09-19 21:34:03] [hb] updated: timestamp_ms=160249 (count=320)
[2026-09-19 21:34:13] [hb] updated: timestamp_ms=170266 (count=340)
[2026-09-19 21:34:23] [hb] updated: timestamp_ms=180271 (count=360)
[2026-09-19 21:34:33] [hb] updated: timestamp_ms=190280 (count=380)
[2026-09-19 21:34:43] [hb] updated: timestamp_ms=200288 (count=400)
[2026-09-19 21:34:53] [hb] updated: timestamp_ms=210298 (count=420)
[2026-09-19 21:35:03] [hb] updated: timestamp_ms=220310 (count=440)
[2026-09-19 21:35:13] [hb] updated: timestamp_ms=230318 (count=460)
[2026-09-19 21:35:23] [hb] updated: timestamp_ms=240332 (count=480)
[2026-09-19 21:35:33] [hb] updated: timestamp_ms=250346 (count=500)
[2026-09-19 21:35:43] [hb] updated: timestamp_ms=260352 (count=520)
[2026-09-19 21:35:53] [hb] updated: timestamp_ms=270358 (count=540)
[2026-09-19 21:36:03] [hb] updated: timestamp_ms=280366 (count=560)
[2026-09-19 21:36:13] [hb] updated: timestamp_ms=290384 (count=580)
[2026-09-19 21:36:23] [hb] updated: timestamp_ms=300394 (count=600)
[2026-09-19 21:36:33] [hb] updated: timestamp_ms=310399 (count=620)
[2026-09-19 21:36:43] [hb] updated: timestamp_ms=320406 (count=640)
[2026-09-19 21:36:53] [hb] updated: timestamp_ms=330414 (count=660)
[2026-09-19 21:37:03] [hb] updated: timestamp_ms=340422 (count=680)
[2026-09-19 21:37:13] [hb] updated: timestamp_ms=350433 (count=700)
[2026-09-19 21:37:23] [hb] updated: timestamp_ms=360440 (count=720)
[2026-09-19 21:37:33] [hb] updated: timestamp_ms=370452 (count=740)
[2026-09-19 21:37:43] [hb] updated: timestamp_ms=380466 (count=760)
[2026-09-19 21:37:53] [hb] updated: timestamp_ms=390483 (count=780)
[2026-09-19 21:38:03] [hb] updated: timestamp_ms=400500 (count=800)
[2026-09-19 21:38:13] [hb] updated: timestamp_ms=410509 (count=820)
[2026-09-19 21:38:23] [hb] updated: timestamp_ms=420519 (count=840)
[2026-09-19 21:38:33] [hb] updated: timestamp_ms=430531 (count=860)
[2026-09-19 21:38:43] [hb] updated: timestamp_ms=440544 (count=880)
[2026-09-19 21:38:53] [hb] updated: timestamp_ms=450556 (count=900)
[2026-09-19 21:39:03] [hb] updated: timestamp_ms=460570 (count=920)
[2026-09-19 21:39:13] [hb] updated: timestamp_ms=470583 (count=940)
[2026-09-19 21:39:23] [hb] updated: timestamp_ms=480593 (count=960)
[2026-09-19 21:39:33] [hb] updated: timestamp_ms=490607 (count=980)
[2026-09-19 21:39:43] [hb] updated: timestamp_ms=500612 (count=1000)
[2026-09-19 21:39:53] [hb] updated: timestamp_ms=510624 (count=1020)
[2026-09-19 21:40:03] [hb] updated: timestamp_ms=520634 (count=1040)
[2026-09-19 21:40:13] [hb] updated: timestamp_ms=530642 (count=1060)
[2026-09-19 21:40:23] [hb] updated: timestamp_ms=540653 (count=1080)
[2026-09-19 21:40:33] [hb] updated: timestamp_ms=550663 (count=1100)
[2026-09-19 21:40:43] [hb] updated: timestamp_ms=560676 (count=1120)
[2026-09-19 21:40:53] [hb] updated: timestamp_ms=570690 (count=1140)
[2026-09-19 21:41:03] [hb] updated: timestamp_ms=580701 (count=1160)
[2026-09-19 21:41:13] [hb] updated: timestamp_ms=590709 (count=1180)
[2026-09-19 21:41:23] [hb] updated: timestamp_ms=600719 (count=1200)
[2026-09-19 21:41:33] [hb] updated: timestamp_ms=610726 (count=1220)
[2026-09-19 21:41:43] [hb] updated: timestamp_ms=620732 (count=1240)
[2026-09-19 21:41:54] [hb] updated: timestamp_ms=630736 (count=1260)
[2026-09-19 21:42:04] [hb] updated: timestamp_ms=640742 (count=1280)
[2026-09-19 21:42:14] [hb] updated: timestamp_ms=650747 (count=1300)
[2026-09-19 21:42:24] [hb] updated: timestamp_ms=660759 (count=1320)
[2026-09-19 21:42:34] [hb] updated: timestamp_ms=670770 (count=1340)
[2026-09-19 21:42:44] [hb] updated: timestamp_ms=680777 (count=1360)
[2026-09-19 21:42:54] [hb] updated: timestamp_ms=690783 (count=1380)
[2026-09-19 21:43:04] [hb] updated: timestamp_ms=700791 (count=1400)
[2026-09-19 21:43:14] [hb] updated: timestamp_ms=710803 (count=1420)
[2026-09-19 21:43:24] [hb] updated: timestamp_ms=720813 (count=1440)
[2026-09-19 21:43:34] [hb] updated: timestamp_ms=730826 (count=1460)
[2026-09-19 21:43:44] [hb] updated: timestamp_ms=740835 (count=1480)
[2026-09-19 21:43:54] [hb] updated: timestamp_ms=750841 (count=1500)
[2026-09-19 21:44:04] [hb] updated: timestamp_ms=760858 (count=1520)
[2026-09-19 21:44:14] [hb] updated: timestamp_ms=770868 (count=1540)
[2026-09-19 21:44:24] [hb] updated: timestamp_ms=780880 (count=1560)
[2026-09-19 21:44:34] [hb] updated: timestamp_ms=790893 (count=1580)
[2026-09-19 21:44:44] [hb] updated: timestamp_ms=800905 (count=1600)
[2026-09-19 21:44:54] [hb] updated: timestamp_ms=810916 (count=1620)
[2026-09-19 21:45:04] [hb] updated: timestamp_ms=820921 (count=1640)
[2026-09-19 21:45:14] [hb] updated: timestamp_ms=830930 (count=1660)
[2026-09-19 21:45:24] [hb] updated: timestamp_ms=840940 (count=1680)
[2026-09-19 21:45:34] [hb] updated: timestamp_ms=850951 (count=1700)
[2026-09-19 21:45:44] [hb] updated: timestamp_ms=860961 (count=1720)
[2026-09-19 21:45:54] [hb] updated: timestamp_ms=870969 (count=1740)
[2026-09-19 21:46:04] [hb] updated: timestamp_ms=880986 (count=1760)
[2026-09-19 21:46:14] [hb] updated: timestamp_ms=890993 (count=1780)
[2026-09-19 21:46:24] [hb] updated: timestamp_ms=901004 (count=1800)
[2026-09-19 21:46:34] [hb] updated: timestamp_ms=911017 (count=1820)
[2026-09-19 21:46:44] [hb] updated: timestamp_ms=921033 (count=1840)
[2026-09-19 21:46:54] [hb] updated: timestamp_ms=931045 (count=1860)
[2026-09-19 21:47:04] [hb] updated: timestamp_ms=941056 (count=1880)
[2026-09-19 21:47:14] [hb] updated: timestamp_ms=951070 (count=1900)
[2026-09-19 21:47:24] [hb] updated: timestamp_ms=961085 (count=1920)
[2026-09-19 21:47:34] [hb] updated: timestamp_ms=971094 (count=1940)
[2026-09-19 21:47:44] [hb] updated: timestamp_ms=981108 (count=1960)
[2026-09-19 21:47:54] [hb] updated: timestamp_ms=991122 (count=1980)
[2026-09-19 21:48:04] [hb] updated: timestamp_ms=1001134 (count=2000)
[2026-09-19 21:48:14] [hb] updated: timestamp_ms=1011144 (count=2020)
[2026-09-19 21:48:24] [hb] updated: timestamp_ms=1021155 (count=2040)
[2026-09-19 21:48:34] [hb] updated: timestamp_ms=1031164 (count=2060)
[2026-09-19 21:48:44] [hb] updated: timestamp_ms=1041175 (count=2080)
[2026-09-19 21:48:54] [hb] updated: timestamp_ms=1051186 (count=2100)
[2026-09-19 21:49:04] [hb] updated: timestamp_ms=1061198 (count=2120)
[2026-09-19 21:49:14] [hb] updated: timestamp_ms=1071209 (count=2140)
[2026-09-19 21:49:24] [hb] updated: timestamp_ms=1081222 (count=2160)
[2026-09-19 21:49:34] [hb] updated: timestamp_ms=1091234 (count=2180)
[2026-09-19 21:49:44] [hb] updated: timestamp_ms=1101251 (count=2200)
[2026-09-19 21:49:54] [hb] updated: timestamp_ms=1111260 (count=2220)
[2026-09-19 21:50:04] [hb] updated: timestamp_ms=1121275 (count=2240)
[2026-09-19 21:50:14] [hb] updated: timestamp_ms=1131282 (count=2260)
[2026-09-19 21:50:24] [hb] updated: timestamp_ms=1141296 (count=2280)
[2026-09-19 21:50:34] [hb] updated: timestamp_ms=1151312 (count=2300)
[2026-09-19 21:50:44] [hb] updated: timestamp_ms=1161322 (count=2320)
[2026-09-19 21:50:54] [hb] updated: timestamp_ms=1171336 (count=2340)
[2026-09-19 21:51:04] [hb] updated: timestamp_ms=1181344 (count=2360)
[2026-09-19 21:51:14] [hb] updated: timestamp_ms=1191353 (count=2380)
[2026-09-19 21:51:24] [hb] updated: timestamp_ms=1201365 (count=2400)
[2026-09-19 21:51:34] [hb] updated: timestamp_ms=1211373 (count=2420)
[2026-09-19 21:51:44] [hb] updated: timestamp_ms=1221387 (count=2440)
[2026-09-19 21:51:54] [hb] updated: timestamp_ms=1231398 (count=2460)
[2026-09-19 21:52:04] [hb] updated: timestamp_ms=1241414 (count=2480)
[2026-09-19 21:52:14] [hb] updated: timestamp_ms=1251420 (count=2500)
[2026-09-19 21:52:24] [hb] updated: timestamp_ms=1261429 (count=2520)
[2026-09-19 21:52:34] [hb] updated: timestamp_ms=1271434 (count=2540)
[2026-09-19 21:52:44] [hb] updated: timestamp_ms=1281444 (count=2560)
[2026-09-19 21:52:54] [hb] updated: timestamp_ms=1291455 (count=2580)
[2026-09-19 21:53:04] [hb] updated: timestamp_ms=1301460 (count=2600)
[2026-09-19 21:53:14] [hb] updated: timestamp_ms=1311472 (count=2620)
[2026-09-19 21:53:24] [hb] updated: timestamp_ms=1321482 (count=2640)
[2026-09-19 21:53:34] [hb] updated: timestamp_ms=1331489 (count=2660)
[2026-09-19 21:53:44] [hb] updated: timestamp_ms=1341502 (count=2680)
[2026-09-19 21:53:54] [hb] updated: timestamp_ms=1351514 (count=2700)
[2026-09-19 21:54:04] [hb] updated: timestamp_ms=1361524 (count=2720)
[2026-09-19 21:54:14] [hb] updated: timestamp_ms=1371538 (count=2740)
[2026-09-19 21:54:24] [hb] updated: timestamp_ms=1381549 (count=2760)
[2026-09-19 21:54:34] [hb] updated: timestamp_ms=1391562 (count=2780)
[2026-09-19 21:54:44] [hb] updated: timestamp_ms=1401576 (count=2800)
[2026-09-19 21:54:54] [hb] updated: timestamp_ms=1411585 (count=2820)
[2026-09-19 21:55:04] [hb] updated: timestamp_ms=1421594 (count=2840)
[2026-09-19 21:55:14] [hb] updated: timestamp_ms=1431606 (count=2860)
[2026-09-19 21:55:24] [hb] updated: timestamp_ms=1441615 (count=2880)
[2026-09-19 21:55:34] [hb] updated: timestamp_ms=1451631 (count=2900)
[2026-09-19 21:55:44] [hb] updated: timestamp_ms=1461650 (count=2920)
[2026-09-19 21:55:54] [hb] updated: timestamp_ms=1471665 (count=2940)
[2026-09-19 21:56:04] [hb] updated: timestamp_ms=1481681 (count=2960)
[2026-09-19 21:56:14] [hb] updated: timestamp_ms=1491698 (count=2980)
[2026-09-19 21:56:24] [hb] updated: timestamp_ms=1501712 (count=3000)
[2026-09-19 21:56:34] [hb] updated: timestamp_ms=1511722 (count=3020)
[2026-09-19 21:56:44] [hb] updated: timestamp_ms=1521733 (count=3040)
[2026-09-19 21:56:55] [hb] updated: timestamp_ms=1531749 (count=3060)
[2026-09-19 21:57:05] [hb] updated: timestamp_ms=1541767 (count=3080)
[2026-09-19 21:57:15] [hb] updated: timestamp_ms=1551785 (count=3100)
[2026-09-19 22:44:57] [init] Municipal AI started successfully (Phase 3 Decision Engine Online)
[2026-09-19 22:44:57] [hb] updated: timestamp_ms=626 (count=1)
[2026-09-19 22:44:57] [hb] updated: timestamp_ms=1127 (count=2)
[2026-09-19 22:44:58] [hb] updated: timestamp_ms=1627 (count=3)
[2026-09-19 22:44:58] [hb] updated: timestamp_ms=2128 (count=4)
[2026-09-19 22:44:59] [hb] updated: timestamp_ms=2628 (count=5)
[2026-09-19 22:47:54] [hb] updated: timestamp_ms=10179 (count=20)
[2026-09-19 23:05:12] [init] Municipal AI started successfully (Phase 3 Decision Engine Online)
[2026-09-19 23:05:12] [hb] updated: timestamp_ms=625 (count=1)
[2026-09-19 23:05:13] [hb] updated: timestamp_ms=1128 (count=2)
[2026-09-19 23:05:13] [hb] updated: timestamp_ms=1628 (count=3)
[2026-09-19 23:05:14] [hb] updated: timestamp_ms=2129 (count=4)
[2026-09-19 23:05:14] [hb] updated: timestamp_ms=2629 (count=5)
[2026-09-19 23:07:49] [hb] updated: timestamp_ms=10177 (count=20)
[2026-09-19 23:07:59] [hb] updated: timestamp_ms=20274 (count=40)
[2026-09-19 23:08:09] [hb] updated: timestamp_ms=30348 (count=60)
[2026-09-19 23:08:19] [hb] updated: timestamp_ms=40451 (count=80)
[2026-09-19 23:08:29] [hb] updated: timestamp_ms=50514 (count=100)
[2026-09-19 23:08:39] [hb] updated: timestamp_ms=60588 (count=120)
[2026-09-19 23:08:49] [hb] updated: timestamp_ms=70694 (count=140)
[2026-09-19 23:08:59] [hb] updated: timestamp_ms=80770 (count=160)
[2026-09-19 23:09:09] [hb] updated: timestamp_ms=90843 (count=180)
[2026-09-20 12:06:02] [init] Municipal AI started successfully (Phase 3 Decision Engine Online)
[2026-09-20 12:06:02] [hb] updated: timestamp_ms=663 (count=1)
[2026-09-20 12:06:03] [hb] updated: timestamp_ms=1166 (count=2)
[2026-09-20 12:06:03] [hb] updated: timestamp_ms=1667 (count=3)
[2026-09-20 12:06:04] [hb] updated: timestamp_ms=2167 (count=4)
[2026-09-20 12:06:04] [hb] updated: timestamp_ms=2668 (count=5)
[2026-09-20 12:18:49] [init] Municipal AI started successfully (Phase 3 Decision Engine Online)
[2026-09-20 12:18:49] [hb] updated: timestamp_ms=625 (count=1)
[2026-09-20 12:18:50] [hb] updated: timestamp_ms=1128 (count=2)
[2026-09-20 12:18:50] [hb] updated: timestamp_ms=1629 (count=3)
[2026-09-20 12:18:51] [hb] updated: timestamp_ms=2129 (count=4)
[2026-09-20 12:18:51] [hb] updated: timestamp_ms=2630 (count=5)
[2026-09-20 12:18:59] [hb] updated: timestamp_ms=10183 (count=20)
[2026-09-20 12:20:10] [hb] updated: timestamp_ms=20302 (count=40)
[2026-09-20 12:20:20] [hb] updated: timestamp_ms=30384 (count=60)
[2026-09-20 12:20:34] [hb] updated: timestamp_ms=40473 (count=80)
[2026-09-20 12:20:44] [hb] updated: timestamp_ms=50529 (count=100)
[2026-09-20 12:20:54] [hb] updated: timestamp_ms=60637 (count=120)
[2026-09-20 12:21:04] [hb] updated: timestamp_ms=70763 (count=140)
[2026-09-20 12:21:14] [hb] updated: timestamp_ms=80910 (count=160)
[2026-09-20 12:21:24] [hb] updated: timestamp_ms=91014 (count=180)
[2026-09-20 12:21:34] [hb] updated: timestamp_ms=101115 (count=200)
[2026-09-20 12:21:45] [hb] updated: timestamp_ms=111194 (count=220)
[2026-09-20 12:21:55] [hb] updated: timestamp_ms=121291 (count=240)
[2026-09-20 12:22:05] [hb] updated: timestamp_ms=131396 (count=260)
[2026-09-20 12:32:03] [init] Municipal AI started successfully (Phase 3 Decision Engine Online)
[2026-09-20 12:32:03] [hb] updated: timestamp_ms=626 (count=1)
[2026-09-20 12:32:04] [hb] updated: timestamp_ms=1130 (count=2)
[2026-09-20 12:32:04] [hb] updated: timestamp_ms=1630 (count=3)
[2026-09-20 12:32:05] [hb] updated: timestamp_ms=2130 (count=4)
[2026-09-20 12:32:05] [hb] updated: timestamp_ms=2631 (count=5)
[2026-09-20 12:33:13] [hb] updated: timestamp_ms=10185 (count=20)
[2026-09-20 12:33:23] [hb] updated: timestamp_ms=20284 (count=40)
[2026-09-20 12:33:33] [hb] updated: timestamp_ms=30353 (count=60)
[2026-09-20 12:33:43] [hb] updated: timestamp_ms=40472 (count=80)
[2026-09-20 12:33:57] [hb] updated: timestamp_ms=50574 (count=100)
[2026-09-20 12:44:07] [init] Municipal AI started successfully (Phase 3 Decision Engine Online)
[2026-09-20 12:44:07] [hb] updated: timestamp_ms=625 (count=1)
[2026-09-20 12:44:07] [hb] updated: timestamp_ms=1127 (count=2)
[2026-09-20 12:44:08] [hb] updated: timestamp_ms=1628 (count=3)
[2026-09-20 12:44:08] [hb] updated: timestamp_ms=2128 (count=4)
[2026-09-20 12:44:09] [hb] updated: timestamp_ms=2629 (count=5)
[2026-09-20 12:46:08] [hb] updated: timestamp_ms=10175 (count=20)
[2026-09-20 12:46:18] [hb] updated: timestamp_ms=20289 (count=40)
[2026-09-20 12:46:28] [hb] updated: timestamp_ms=30410 (count=60)
[2026-09-20 13:18:51] [init] Municipal AI started successfully (Phase 3 Decision Engine Online)
[2026-09-20 13:18:51] [hb] updated: timestamp_ms=625 (count=1)
[2026-09-20 13:18:51] [hb] updated: timestamp_ms=1125 (count=2)
[2026-09-20 13:18:52] [hb] updated: timestamp_ms=1625 (count=3)
[2026-09-20 13:18:52] [hb] updated: timestamp_ms=2126 (count=4)
[2026-09-20 13:18:53] [hb] updated: timestamp_ms=2626 (count=5)
[2026-09-20 13:19:01] [hb] updated: timestamp_ms=10189 (count=20)
[2026-09-20 14:33:07] [hb] updated: timestamp_ms=20298 (count=40)
[2026-09-20 14:33:20] [hb] updated: timestamp_ms=30374 (count=60)
[2026-09-20 14:33:30] [hb] updated: timestamp_ms=40462 (count=80)
[2026-09-20 14:33:40] [hb] updated: timestamp_ms=50555 (count=100)
[2026-09-20 14:33:50] [hb] updated: timestamp_ms=60654 (count=120)
[2026-09-20 14:34:00] [hb] updated: timestamp_ms=70760 (count=140)
[2026-09-20 14:34:11] [hb] updated: timestamp_ms=80864 (count=160)
[2026-09-20 14:34:21] [hb] updated: timestamp_ms=90960 (count=180)
[2026-09-20 14:34:31] [hb] updated: timestamp_ms=101057 (count=200)
[2026-09-20 14:34:41] [hb] updated: timestamp_ms=111166 (count=220)
[2026-09-20 14:34:51] [hb] updated: timestamp_ms=121228 (count=240)
[2026-09-20 14:35:01] [hb] updated: timestamp_ms=131321 (count=260)
[2026-09-20 14:35:11] [hb] updated: timestamp_ms=141417 (count=280)
[2026-09-20 15:28:47] [init] Municipal AI started successfully (Phase 3 Decision Engine Online)
[2026-09-20 15:28:48] [hb] updated: timestamp_ms=654 (count=1)
[2026-09-20 15:28:48] [hb] updated: timestamp_ms=1155 (count=2)
[2026-09-20 15:28:49] [hb] updated: timestamp_ms=1656 (count=3)
[2026-09-20 15:28:49] [hb] updated: timestamp_ms=2156 (count=4)
[2026-09-20 15:28:50] [hb] updated: timestamp_ms=2657 (count=5)
[2026-09-22 20:26:32] [init] Municipal AI started successfully (Phase 3 Decision Engine Online)
[2026-09-22 20:26:32] [hb] updated: timestamp_ms=667 (count=1)
[2026-09-22 20:26:33] [hb] updated: timestamp_ms=1169 (count=2)
[2026-09-22 20:26:33] [hb] updated: timestamp_ms=1669 (count=3)
[2026-09-22 20:26:34] [hb] updated: timestamp_ms=2170 (count=4)
[2026-09-22 20:26:34] [hb] updated: timestamp_ms=2670 (count=5)
[2026-09-22 20:40:44] [init] Municipal AI started successfully (Phase 3 Decision Engine Online)
[2026-09-22 20:40:44] [hb] updated: timestamp_ms=626 (count=1)
[2026-09-22 20:40:44] [hb] updated: timestamp_ms=1127 (count=2)
[2026-09-22 20:40:45] [hb] updated: timestamp_ms=1627 (count=3)
[2026-09-22 20:40:45] [hb] updated: timestamp_ms=2128 (count=4)
[2026-09-22 20:40:46] [hb] updated: timestamp_ms=2628 (count=5)
[2026-09-22 20:41:34] [hb] updated: timestamp_ms=10180 (count=20)
[2026-09-22 20:41:44] [hb] updated: timestamp_ms=20268 (count=40)
[2026-09-22 20:41:55] [hb] updated: timestamp_ms=30445 (count=60)
[2026-09-22 20:42:05] [hb] updated: timestamp_ms=40526 (count=80)
[2026-09-22 20:42:15] [hb] updated: timestamp_ms=50627 (count=100)
[2026-09-22 20:42:25] [hb] updated: timestamp_ms=60753 (count=120)
[2026-09-22 20:42:35] [hb] updated: timestamp_ms=70836 (count=140)
[2026-09-22 20:42:45] [hb] updated: timestamp_ms=80940 (count=160)
[2026-09-22 20:42:55] [hb] updated: timestamp_ms=91054 (count=180)
[2026-09-22 20:43:05] [hb] updated: timestamp_ms=101167 (count=200)
[2026-09-22 20:43:16] [hb] updated: timestamp_ms=111254 (count=220)
[2026-09-22 20:43:26] [hb] updated: timestamp_ms=121366 (count=240)
[2026-09-22 20:43:36] [hb] updated: timestamp_ms=131490 (count=260)
[2026-09-22 20:44:32] [hb] updated: timestamp_ms=141587 (count=280)
[2026-09-22 21:01:24] [init] Municipal AI started successfully (Phase 3 Decision Engine Online)
[2026-09-22 21:01:24] [hb] updated: timestamp_ms=625 (count=1)
[2026-09-22 21:01:24] [hb] updated: timestamp_ms=1127 (count=2)
[2026-09-22 21:01:25] [hb] updated: timestamp_ms=1627 (count=3)
[2026-09-22 21:01:25] [hb] updated: timestamp_ms=2128 (count=4)
[2026-09-22 21:01:26] [hb] updated: timestamp_ms=2629 (count=5)
[2026-09-22 21:02:13] [hb] updated: timestamp_ms=10163 (count=20)
[2026-09-22 21:02:23] [hb] updated: timestamp_ms=20241 (count=40)
[2026-09-22 21:02:33] [hb] updated: timestamp_ms=30318 (count=60)
[2026-09-22 21:02:43] [hb] updated: timestamp_ms=40418 (count=80)
[2026-09-22 21:02:53] [hb] updated: timestamp_ms=50477 (count=100)
[2026-09-22 21:03:03] [hb] updated: timestamp_ms=60560 (count=120)
[2026-09-22 21:03:13] [hb] updated: timestamp_ms=70627 (count=140)
[2026-09-22 21:03:32] [init] Municipal AI started successfully (Phase 3 Decision Engine Online)
[2026-09-22 21:03:32] [hb] updated: timestamp_ms=625 (count=1)
[2026-09-22 21:03:33] [hb] updated: timestamp_ms=1126 (count=2)
[2026-09-22 21:03:33] [hb] updated: timestamp_ms=1626 (count=3)
[2026-09-22 21:03:34] [hb] updated: timestamp_ms=2127 (count=4)
[2026-09-22 21:03:34] [hb] updated: timestamp_ms=2627 (count=5)
[2026-09-22 21:03:48] [hb] updated: timestamp_ms=10155 (count=20)
[2026-09-22 21:03:58] [hb] updated: timestamp_ms=20227 (count=40)
[2026-09-22 21:04:08] [hb] updated: timestamp_ms=30299 (count=60)
[2026-09-22 21:04:28] [hb] updated: timestamp_ms=40380 (count=80)
[2026-09-22 21:04:38] [hb] updated: timestamp_ms=50467 (count=100)
[2026-09-22 21:12:54] [init] Municipal AI started successfully (Phase 3 Decision Engine Online)
[2026-09-22 21:12:54] [hb] updated: timestamp_ms=624 (count=1)
[2026-09-22 21:12:54] [hb] updated: timestamp_ms=1127 (count=2)
[2026-09-22 21:12:55] [hb] updated: timestamp_ms=1627 (count=3)
[2026-09-22 21:12:55] [hb] updated: timestamp_ms=2127 (count=4)
[2026-09-22 21:12:56] [hb] updated: timestamp_ms=2628 (count=5)
[2026-09-22 21:13:10] [hb] updated: timestamp_ms=10195 (count=20)
[2026-09-22 21:13:23] [hb] updated: timestamp_ms=20285 (count=40)
[2026-09-22 21:13:33] [hb] updated: timestamp_ms=30378 (count=60)
[2026-09-22 21:13:43] [hb] updated: timestamp_ms=40454 (count=80)
[2026-09-22 21:13:53] [hb] updated: timestamp_ms=50542 (count=100)
[2026-09-22 21:14:17] [init] Municipal AI started successfully (Phase 3 Decision Engine Online)
[2026-09-22 21:14:17] [hb] updated: timestamp_ms=628 (count=1)
[2026-09-22 21:14:18] [hb] updated: timestamp_ms=1131 (count=2)
[2026-09-22 21:14:18] [hb] updated: timestamp_ms=1631 (count=3)
[2026-09-22 21:14:19] [hb] updated: timestamp_ms=2132 (count=4)
[2026-09-22 21:14:19] [hb] updated: timestamp_ms=2632 (count=5)
[2026-09-22 21:14:27] [hb] updated: timestamp_ms=10174 (count=20)
[2026-09-22 21:14:37] [hb] updated: timestamp_ms=20271 (count=40)
[2026-09-22 21:14:47] [hb] updated: timestamp_ms=30342 (count=60)
[2026-09-22 21:14:57] [hb] updated: timestamp_ms=40424 (count=80)
[2026-09-22 21:15:07] [hb] updated: timestamp_ms=50505 (count=100)
[2026-09-22 21:22:50] [init] Municipal AI started successfully (Phase 3 Decision Engine Online)
[2026-09-22 21:22:50] [hb] updated: timestamp_ms=626 (count=1)
[2026-09-22 21:22:51] [hb] updated: timestamp_ms=1128 (count=2)
[2026-09-22 21:22:51] [hb] updated: timestamp_ms=1629 (count=3)
[2026-09-22 21:22:52] [hb] updated: timestamp_ms=2129 (count=4)
[2026-09-22 21:22:52] [hb] updated: timestamp_ms=2630 (count=5)
[2026-09-22 21:23:14] [hb] updated: timestamp_ms=10211 (count=20)
[2026-09-22 21:24:07] [init] Municipal AI started successfully (Phase 3 Decision Engine Online)
[2026-09-22 21:24:07] [hb] updated: timestamp_ms=625 (count=1)
[2026-09-22 21:24:07] [hb] updated: timestamp_ms=1125 (count=2)
[2026-09-22 21:24:08] [hb] updated: timestamp_ms=1626 (count=3)
[2026-09-22 21:24:08] [hb] updated: timestamp_ms=2126 (count=4)
[2026-09-22 21:24:09] [hb] updated: timestamp_ms=2627 (count=5)
[2026-09-22 21:24:20] [hb] updated: timestamp_ms=10168 (count=20)
[2026-09-22 21:24:30] [hb] updated: timestamp_ms=20261 (count=40)
[2026-09-22 21:42:29] [init] Municipal AI started successfully (Phase 3 Decision Engine Online)
[2026-09-22 21:42:29] [hb] updated: timestamp_ms=626 (count=1)
[2026-09-22 21:42:29] [hb] updated: timestamp_ms=1129 (count=2)
[2026-09-22 21:42:30] [hb] updated: timestamp_ms=1629 (count=3)
[2026-09-22 21:42:30] [hb] updated: timestamp_ms=2130 (count=4)
[2026-09-22 21:42:31] [hb] updated: timestamp_ms=2631 (count=5)
[2026-09-22 21:42:53] [hb] updated: timestamp_ms=10227 (count=20)
[2026-09-22 21:43:03] [hb] updated: timestamp_ms=20325 (count=40)
[2026-09-22 21:48:58] [init] Municipal AI started successfully (Phase 3 Decision Engine Online)
[2026-09-22 21:48:58] [hb] updated: timestamp_ms=626 (count=1)
[2026-09-22 21:48:59] [hb] updated: timestamp_ms=1128 (count=2)
[2026-09-22 21:48:59] [hb] updated: timestamp_ms=1629 (count=3)
[2026-09-22 21:49:00] [hb] updated: timestamp_ms=2129 (count=4)
[2026-09-22 21:49:00] [hb] updated: timestamp_ms=2630 (count=5)
[2026-09-22 21:49:15] [hb] updated: timestamp_ms=10213 (count=20)
[2026-09-22 22:05:14] [init] Municipal AI started successfully (Phase 3 Decision Engine Online)
[2026-09-22 22:05:14] [hb] updated: timestamp_ms=625 (count=1)
[2026-09-22 22:05:15] [hb] updated: timestamp_ms=1126 (count=2)
[2026-09-22 22:05:15] [hb] updated: timestamp_ms=1627 (count=3)
[2026-09-22 22:05:16] [hb] updated: timestamp_ms=2127 (count=4)
[2026-09-22 22:05:16] [hb] updated: timestamp_ms=2628 (count=5)
[2026-09-22 22:05:54] [hb] updated: timestamp_ms=10147 (count=20)
[2026-09-22 22:44:18] [init] Municipal AI started successfully (Phase 3 Decision Engine Online)
[2026-09-22 22:44:18] [hb] updated: timestamp_ms=625 (count=1)
[2026-09-22 22:44:18] [hb] updated: timestamp_ms=1126 (count=2)
[2026-09-22 22:44:19] [hb] updated: timestamp_ms=1626 (count=3)
[2026-09-22 22:44:19] [hb] updated: timestamp_ms=2127 (count=4)
[2026-09-22 22:44:20] [hb] updated: timestamp_ms=2627 (count=5)
[2026-09-22 22:44:46] [hb] updated: timestamp_ms=10156 (count=20)
[2026-09-22 22:44:56] [hb] updated: timestamp_ms=20237 (count=40)
[2026-09-22 22:55:13] [init] Municipal AI started successfully (Phase 3 Decision Engine Online)
[2026-09-22 22:55:13] [hb] updated: timestamp_ms=625 (count=1)
[2026-09-22 22:55:14] [hb] updated: timestamp_ms=1126 (count=2)
[2026-09-22 22:55:14] [hb] updated: timestamp_ms=1626 (count=3)
[2026-09-22 22:55:15] [hb] updated: timestamp_ms=2127 (count=4)
[2026-09-22 22:55:15] [hb] updated: timestamp_ms=2627 (count=5)
[2026-09-22 22:55:25] [hb] updated: timestamp_ms=10155 (count=20)
[2026-09-22 22:55:35] [hb] updated: timestamp_ms=20251 (count=40)
[2026-09-22 22:58:23] [init] Municipal AI started successfully (Phase 3 Decision Engine Online)
[2026-09-22 22:58:23] [hb] updated: timestamp_ms=625 (count=1)
[2026-09-22 22:58:23] [hb] updated: timestamp_ms=1127 (count=2)
[2026-09-22 22:58:24] [hb] updated: timestamp_ms=1627 (count=3)
[2026-09-22 22:58:31] [hb] updated: timestamp_ms=2129 (count=4)
[2026-09-22 22:58:31] [hb] updated: timestamp_ms=2630 (count=5)
[2026-09-22 22:58:50] [hb] updated: timestamp_ms=10152 (count=20)
[2026-09-22 22:59:01] [hb] updated: timestamp_ms=20272 (count=40)
[2026-09-22 22:59:11] [hb] updated: timestamp_ms=30362 (count=60)
[2026-09-22 22:59:21] [hb] updated: timestamp_ms=40471 (count=80)
[2026-09-22 22:59:31] [hb] updated: timestamp_ms=50560 (count=100)
[2026-09-22 22:59:41] [hb] updated: timestamp_ms=60645 (count=120)
[2026-09-22 22:59:51] [hb] updated: timestamp_ms=70738 (count=140)
[2026-09-22 23:00:01] [hb] updated: timestamp_ms=80809 (count=160)
[2026-09-22 23:00:11] [hb] updated: timestamp_ms=90868 (count=180)
[2026-09-22 23:00:21] [hb] updated: timestamp_ms=100936 (count=200)
[2026-09-22 23:00:31] [hb] updated: timestamp_ms=111009 (count=220)
[2026-09-22 23:00:41] [hb] updated: timestamp_ms=121093 (count=240)
[2026-09-23 15:04:14] [init] Municipal AI started successfully (Phase 3 Decision Engine Online)
[2026-09-23 15:04:14] [hb] updated: timestamp_ms=652 (count=1)
[2026-09-23 15:04:14] [hb] updated: timestamp_ms=1155 (count=2)
[2026-09-23 15:04:15] [hb] updated: timestamp_ms=1656 (count=3)
[2026-09-23 15:04:15] [hb] updated: timestamp_ms=2156 (count=4)
[2026-09-23 15:04:16] [hb] updated: timestamp_ms=2657 (count=5)
[2026-09-23 15:05:57] [hb] updated: timestamp_ms=10204 (count=20)
[2026-09-23 15:06:11] [hb] updated: timestamp_ms=20333 (count=40)
[2026-09-23 15:06:22] [hb] updated: timestamp_ms=30455 (count=60)
[2026-09-23 15:06:32] [hb] updated: timestamp_ms=40555 (count=80)
[2026-09-23 15:06:42] [hb] updated: timestamp_ms=50653 (count=100)
[2026-09-23 15:06:52] [hb] updated: timestamp_ms=60735 (count=120)
[2026-09-23 15:07:02] [hb] updated: timestamp_ms=70809 (count=140)
[2026-09-23 15:52:41] [init] Municipal AI started successfully (Phase 3 Decision Engine Online)
[2026-09-23 15:52:41] [hb] updated: timestamp_ms=625 (count=1)
[2026-09-23 15:52:41] [hb] updated: timestamp_ms=1125 (count=2)
[2026-09-23 15:52:42] [hb] updated: timestamp_ms=1626 (count=3)
[2026-09-23 15:52:42] [hb] updated: timestamp_ms=2126 (count=4)
[2026-09-23 15:52:43] [hb] updated: timestamp_ms=2627 (count=5)
[2026-09-23 15:53:21] [hb] updated: timestamp_ms=10162 (count=20)
[2026-09-23 15:53:31] [hb] updated: timestamp_ms=20252 (count=40)
[2026-09-23 15:53:41] [hb] updated: timestamp_ms=30334 (count=60)
[2026-09-23 15:53:51] [hb] updated: timestamp_ms=40398 (count=80)
[2026-09-23 15:55:52] [hb] updated: timestamp_ms=50484 (count=100)
[2026-09-23 15:56:03] [hb] updated: timestamp_ms=60571 (count=120)
[2026-09-23 15:56:57] [hb] updated: timestamp_ms=70673 (count=140)
[2026-09-23 15:57:07] [hb] updated: timestamp_ms=80772 (count=160)
[2026-09-23 15:57:17] [hb] updated: timestamp_ms=90843 (count=180)
[2026-09-23 15:57:28] [hb] updated: timestamp_ms=100930 (count=200)
[2026-09-23 15:57:58] [hb] updated: timestamp_ms=110997 (count=220)
[2026-09-23 15:58:08] [hb] updated: timestamp_ms=121075 (count=240)
[2026-09-23 15:58:18] [hb] updated: timestamp_ms=131134 (count=260)
[2026-09-23 15:58:47] [hb] updated: timestamp_ms=141214 (count=280)
[2026-09-23 15:58:57] [hb] updated: timestamp_ms=151299 (count=300)
[2026-09-23 15:59:07] [hb] updated: timestamp_ms=161404 (count=320)
[2026-09-23 15:59:59] [hb] updated: timestamp_ms=171514 (count=340)
[2026-09-23 16:00:09] [hb] updated: timestamp_ms=181602 (count=360)
[2026-09-23 16:00:19] [hb] updated: timestamp_ms=191662 (count=380)
[2026-09-23 16:00:29] [hb] updated: timestamp_ms=201702 (count=400)
[2026-09-23 16:29:01] [init] Municipal AI started successfully (Phase 3 Decision Engine Online)
[2026-09-23 16:29:01] [hb] updated: timestamp_ms=655 (count=1)
[2026-09-23 16:29:01] [hb] updated: timestamp_ms=1158 (count=2)
[2026-09-23 16:29:02] [hb] updated: timestamp_ms=1658 (count=3)
[2026-09-23 16:29:02] [hb] updated: timestamp_ms=2159 (count=4)
[2026-09-23 16:29:03] [hb] updated: timestamp_ms=2659 (count=5)
[2026-09-23 16:29:44] [hb] updated: timestamp_ms=10173 (count=20)
[2026-09-23 16:29:54] [hb] updated: timestamp_ms=20287 (count=40)
[2026-09-23 16:30:05] [hb] updated: timestamp_ms=30370 (count=60)
[2026-09-23 16:30:15] [hb] updated: timestamp_ms=40483 (count=80)
[2026-09-23 16:30:25] [hb] updated: timestamp_ms=50576 (count=100)
[2026-09-23 16:30:35] [hb] updated: timestamp_ms=60639 (count=120)
[2026-09-23 16:30:45] [hb] updated: timestamp_ms=70717 (count=140)
[2026-09-23 16:30:59] [hb] updated: timestamp_ms=80807 (count=160)
[2026-09-23 16:31:09] [hb] updated: timestamp_ms=90896 (count=180)
[2026-09-23 16:31:19] [hb] updated: timestamp_ms=100974 (count=200)
[2026-09-23 16:31:29] [hb] updated: timestamp_ms=111054 (count=220)
[2026-09-23 16:31:41] [hb] updated: timestamp_ms=121123 (count=240)
[2026-09-23 16:31:58] [hb] updated: timestamp_ms=131226 (count=260)
[2026-09-23 16:32:08] [hb] updated: timestamp_ms=141306 (count=280)
[2026-09-23 16:32:20] [hb] updated: timestamp_ms=151373 (count=300)
[2026-09-23 16:32:30] [hb] updated: timestamp_ms=161443 (count=320)
[2026-09-23 16:33:09] [hb] updated: timestamp_ms=171527 (count=340)
[2026-09-23 16:35:47] [hb] updated: timestamp_ms=181618 (count=360)
[2026-09-23 16:35:58] [hb] updated: timestamp_ms=191714 (count=380)
[2026-09-23 16:36:08] [hb] updated: timestamp_ms=201789 (count=400)
[2026-09-23 16:36:18] [hb] updated: timestamp_ms=211879 (count=420)
[2026-09-23 16:36:28] [hb] updated: timestamp_ms=221951 (count=440)
[2026-09-23 16:36:38] [hb] updated: timestamp_ms=232052 (count=460)
[2026-09-23 16:36:48] [hb] updated: timestamp_ms=242142 (count=480)
[2026-09-23 16:36:58] [hb] updated: timestamp_ms=252217 (count=500)
[2026-09-23 16:37:08] [hb] updated: timestamp_ms=262317 (count=520)
[2026-09-23 16:37:25] [hb] updated: timestamp_ms=272432 (count=540)
[2026-09-23 16:37:35] [hb] updated: timestamp_ms=282506 (count=560)
[2026-09-23 17:16:25] [init] Municipal AI started successfully (Phase 3 Decision Engine Online)
[2026-09-23 17:16:25] [hb] updated: timestamp_ms=625 (count=1)
[2026-09-23 17:16:26] [hb] updated: timestamp_ms=1125 (count=2)
[2026-09-23 17:16:26] [hb] updated: timestamp_ms=1625 (count=3)
[2026-09-23 17:16:27] [hb] updated: timestamp_ms=2125 (count=4)
[2026-09-23 17:16:27] [hb] updated: timestamp_ms=2626 (count=5)
[2026-09-23 17:16:43] [hb] updated: timestamp_ms=10446 (count=20)
[2026-09-23 17:17:11] [hb] updated: timestamp_ms=20546 (count=40)
[2026-09-23 17:17:26] [hb] updated: timestamp_ms=30633 (count=60)
[2026-09-23 17:17:51] [hb] updated: timestamp_ms=40721 (count=80)
[2026-09-23 17:18:01] [hb] updated: timestamp_ms=50817 (count=100)
[2026-09-23 17:18:15] [hb] updated: timestamp_ms=60918 (count=120)
[2026-09-23 17:18:25] [hb] updated: timestamp_ms=70992 (count=140)
[2026-09-23 17:18:44] [hb] updated: timestamp_ms=81068 (count=160)
[2026-09-23 17:18:54] [hb] updated: timestamp_ms=91135 (count=180)
[2026-09-23 17:19:04] [hb] updated: timestamp_ms=101205 (count=200)
[2026-09-23 17:19:14] [hb] updated: timestamp_ms=111284 (count=220)
[2026-09-23 17:19:37] [init] Municipal AI started successfully (Phase 3 Decision Engine Online)
[2026-09-23 17:19:37] [hb] updated: timestamp_ms=625 (count=1)
[2026-09-23 17:19:38] [hb] updated: timestamp_ms=1127 (count=2)
[2026-09-23 17:19:38] [hb] updated: timestamp_ms=1627 (count=3)
[2026-09-23 17:19:39] [hb] updated: timestamp_ms=2128 (count=4)
[2026-09-23 17:19:39] [hb] updated: timestamp_ms=2628 (count=5)
[2026-09-23 17:19:54] [hb] updated: timestamp_ms=10147 (count=20)
[2026-09-23 17:20:04] [hb] updated: timestamp_ms=20205 (count=40)
[2026-09-23 17:20:14] [hb] updated: timestamp_ms=30312 (count=60)
[2026-09-23 17:20:40] [init] Municipal AI started successfully (Phase 3 Decision Engine Online)
[2026-09-23 17:20:40] [hb] updated: timestamp_ms=625 (count=1)
[2026-09-23 17:20:40] [hb] updated: timestamp_ms=1127 (count=2)
[2026-09-23 17:20:41] [hb] updated: timestamp_ms=1627 (count=3)
[2026-09-23 17:20:41] [hb] updated: timestamp_ms=2128 (count=4)
[2026-09-23 17:20:42] [hb] updated: timestamp_ms=2628 (count=5)
[2026-09-23 17:20:54] [hb] updated: timestamp_ms=10174 (count=20)
[2026-09-23 17:21:04] [hb] updated: timestamp_ms=20276 (count=40)
[2026-09-23 17:21:14] [hb] updated: timestamp_ms=30356 (count=60)
[2026-09-23 17:21:24] [hb] updated: timestamp_ms=40438 (count=80)
[2026-09-23 17:21:35] [hb] updated: timestamp_ms=50557 (count=100)
[2026-09-23 17:21:45] [hb] updated: timestamp_ms=60659 (count=120)
[2026-09-23 17:21:58] [hb] updated: timestamp_ms=70769 (count=140)
[2026-09-23 17:22:08] [hb] updated: timestamp_ms=80844 (count=160)
[2026-09-23 17:22:18] [hb] updated: timestamp_ms=90911 (count=180)
[2026-09-23 17:22:28] [hb] updated: timestamp_ms=100998 (count=200)
[2026-09-23 17:22:38] [hb] updated: timestamp_ms=111096 (count=220)
[2026-09-23 17:22:48] [hb] updated: timestamp_ms=121185 (count=240)
[2026-09-23 17:22:58] [hb] updated: timestamp_ms=131274 (count=260)
[2026-09-23 17:23:09] [hb] updated: timestamp_ms=141359 (count=280)
[2026-09-23 17:23:21] [hb] updated: timestamp_ms=151442 (count=300)
[2026-09-23 17:23:31] [hb] updated: timestamp_ms=161556 (count=320)
[2026-09-23 17:24:01] [hb] updated: timestamp_ms=171646 (count=340)
[2026-09-23 17:24:11] [hb] updated: timestamp_ms=181738 (count=360)
[2026-09-23 17:24:21] [hb] updated: timestamp_ms=191827 (count=380)
[2026-09-23 17:24:32] [hb] updated: timestamp_ms=201910 (count=400)
[2026-09-23 17:25:16] [init] Municipal AI started successfully (Phase 3 Decision Engine Online)
[2026-09-23 17:25:16] [hb] updated: timestamp_ms=625 (count=1)
[2026-09-23 17:25:16] [hb] updated: timestamp_ms=1128 (count=2)
[2026-09-23 17:25:17] [hb] updated: timestamp_ms=1628 (count=3)
[2026-09-23 17:25:17] [hb] updated: timestamp_ms=2129 (count=4)
[2026-09-23 17:25:18] [hb] updated: timestamp_ms=2629 (count=5)
[2026-09-23 17:25:35] [hb] updated: timestamp_ms=10177 (count=20)
[2026-09-23 17:25:45] [hb] updated: timestamp_ms=20269 (count=40)
[2026-09-23 17:25:56] [hb] updated: timestamp_ms=30370 (count=60)
[2026-09-23 17:26:28] [hb] updated: timestamp_ms=40457 (count=80)
[2026-09-23 17:26:53] [hb] updated: timestamp_ms=50545 (count=100)
[2026-09-23 17:27:03] [hb] updated: timestamp_ms=60665 (count=120)
[2026-09-23 17:27:13] [hb] updated: timestamp_ms=70746 (count=140)
[2026-09-23 17:27:28] [hb] updated: timestamp_ms=80847 (count=160)
[2026-09-23 17:27:38] [hb] updated: timestamp_ms=90930 (count=180)
[2026-09-23 17:27:48] [hb] updated: timestamp_ms=101022 (count=200)
[2026-09-23 17:27:59] [hb] updated: timestamp_ms=111126 (count=220)
[2026-09-23 17:28:09] [hb] updated: timestamp_ms=121240 (count=240)
[2026-09-23 17:28:19] [hb] updated: timestamp_ms=131350 (count=260)
[2026-09-23 17:28:29] [hb] updated: timestamp_ms=141426 (count=280)
[2026-09-23 17:28:39] [hb] updated: timestamp_ms=151528 (count=300)
[2026-09-23 17:28:49] [hb] updated: timestamp_ms=161633 (count=320)
[2026-09-23 17:53:40] [init] Municipal AI started successfully (Phase 3 Decision Engine Online)
[2026-09-23 17:53:40] [hb] updated: timestamp_ms=626 (count=1)
[2026-09-23 17:53:40] [hb] updated: timestamp_ms=1126 (count=2)
[2026-09-23 17:53:41] [hb] updated: timestamp_ms=1626 (count=3)
[2026-09-23 17:53:41] [hb] updated: timestamp_ms=2127 (count=4)
[2026-09-23 17:53:42] [hb] updated: timestamp_ms=2627 (count=5)
[2026-09-23 17:53:58] [hb] updated: timestamp_ms=10161 (count=20)
[2026-09-23 17:54:15] [hb] updated: timestamp_ms=20263 (count=40)
[2026-09-23 17:54:28] [hb] updated: timestamp_ms=30323 (count=60)
[2026-09-23 17:54:39] [hb] updated: timestamp_ms=40415 (count=80)
[2026-09-23 17:54:49] [hb] updated: timestamp_ms=50520 (count=100)
[2026-09-23 17:55:06] [hb] updated: timestamp_ms=60604 (count=120)
[2026-09-23 17:55:27] [init] Municipal AI started successfully (Phase 3 Decision Engine Online)
[2026-09-23 17:55:27] [hb] updated: timestamp_ms=625 (count=1)
[2026-09-23 17:55:27] [hb] updated: timestamp_ms=1125 (count=2)
[2026-09-23 17:55:28] [hb] updated: timestamp_ms=1625 (count=3)
[2026-09-23 17:55:28] [hb] updated: timestamp_ms=2126 (count=4)
[2026-09-23 17:55:29] [hb] updated: timestamp_ms=2627 (count=5)
[2026-09-23 17:55:41] [hb] updated: timestamp_ms=10166 (count=20)
[2026-09-23 17:55:51] [hb] updated: timestamp_ms=20238 (count=40)
[2026-09-23 17:56:01] [hb] updated: timestamp_ms=30333 (count=60)
[2026-09-23 17:57:08] [hb] updated: timestamp_ms=40396 (count=80)
[2026-09-23 17:57:32] [hb] updated: timestamp_ms=50478 (count=100)
[2026-09-23 17:57:42] [hb] updated: timestamp_ms=60553 (count=120)
[2026-09-23 17:57:52] [hb] updated: timestamp_ms=70644 (count=140)
[2026-09-23 17:58:02] [hb] updated: timestamp_ms=80712 (count=160)
[2026-09-23 17:58:12] [hb] updated: timestamp_ms=90789 (count=180)
[2026-09-23 17:58:22] [hb] updated: timestamp_ms=100883 (count=200)
[2026-09-23 17:58:32] [hb] updated: timestamp_ms=110939 (count=220)
[2026-09-23 17:58:42] [hb] updated: timestamp_ms=121007 (count=240)
[2026-09-23 18:03:13] [init] Municipal AI started successfully (Phase 3 Decision Engine Online)
[2026-09-23 18:03:13] [hb] updated: timestamp_ms=626 (count=1)
[2026-09-23 18:03:13] [hb] updated: timestamp_ms=1126 (count=2)
[2026-09-23 18:03:14] [hb] updated: timestamp_ms=1626 (count=3)
[2026-09-23 18:03:14] [hb] updated: timestamp_ms=2127 (count=4)
[2026-09-23 18:03:15] [hb] updated: timestamp_ms=2627 (count=5)
[2026-09-23 18:03:32] [hb] updated: timestamp_ms=10142 (count=20)
[2026-09-23 18:22:27] [hb] updated: timestamp_ms=20221 (count=40)
[2026-09-23 18:22:51] [hb] updated: timestamp_ms=30299 (count=60)
[2026-09-23 18:24:15] [hb] updated: timestamp_ms=40405 (count=80)
[2026-09-23 18:24:30] [hb] updated: timestamp_ms=50486 (count=100)
[2026-09-23 18:24:40] [hb] updated: timestamp_ms=60572 (count=120)
[2026-09-23 18:24:59] [hb] updated: timestamp_ms=70676 (count=140)
[2026-09-23 18:25:09] [hb] updated: timestamp_ms=80742 (count=160)
[2026-09-23 18:25:19] [hb] updated: timestamp_ms=90831 (count=180)
[2026-09-23 18:25:30] [hb] updated: timestamp_ms=100939 (count=200)
[2026-09-23 18:25:40] [hb] updated: timestamp_ms=111017 (count=220)
[2026-09-23 18:25:50] [hb] updated: timestamp_ms=121094 (count=240)
[2026-09-23 18:26:00] [hb] updated: timestamp_ms=131193 (count=260)
[2026-09-23 18:26:53] [hb] updated: timestamp_ms=141284 (count=280)
[2026-09-23 18:27:03] [hb] updated: timestamp_ms=151366 (count=300)
[2026-09-23 18:27:25] [hb] updated: timestamp_ms=161462 (count=320)
[2026-09-23 18:27:35] [hb] updated: timestamp_ms=171540 (count=340)
[2026-09-23 18:28:25] [hb] updated: timestamp_ms=181621 (count=360)
[2026-09-23 18:28:35] [hb] updated: timestamp_ms=191701 (count=380)
[2026-09-23 18:28:45] [hb] updated: timestamp_ms=201781 (count=400)
[2026-09-23 18:57:35] [init] Municipal AI started successfully (Phase 3 Decision Engine Online)
[2026-09-23 18:57:35] [hb] updated: timestamp_ms=625 (count=1)
[2026-09-23 18:57:36] [hb] updated: timestamp_ms=1128 (count=2)
[2026-09-23 18:57:36] [hb] updated: timestamp_ms=1628 (count=3)
[2026-09-23 18:57:37] [hb] updated: timestamp_ms=2129 (count=4)
[2026-09-23 18:57:37] [hb] updated: timestamp_ms=2630 (count=5)
[2026-09-23 18:58:06] [hb] updated: timestamp_ms=10149 (count=20)
[2026-09-23 18:58:16] [hb] updated: timestamp_ms=20235 (count=40)
[2026-09-23 18:58:33] [hb] updated: timestamp_ms=30346 (count=60)
[2026-09-23 18:58:43] [hb] updated: timestamp_ms=40435 (count=80)
[2026-09-23 18:58:55] [hb] updated: timestamp_ms=50506 (count=100)
[2026-09-23 18:59:15] [hb] updated: timestamp_ms=60591 (count=120)
[2026-09-23 18:59:25] [hb] updated: timestamp_ms=70674 (count=140)
[2026-09-23 18:59:42] [hb] updated: timestamp_ms=80763 (count=160)
[2026-09-23 18:59:57] [hb] updated: timestamp_ms=90852 (count=180)
[2026-09-23 19:00:13] [hb] updated: timestamp_ms=100926 (count=200)
[2026-09-23 19:00:24] [hb] updated: timestamp_ms=111003 (count=220)
[2026-09-23 19:01:58] [hb] updated: timestamp_ms=121078 (count=240)
[2026-09-23 19:06:13] [init] Municipal AI started successfully (Phase 3 Decision Engine Online)
[2026-09-23 19:06:13] [hb] updated: timestamp_ms=626 (count=1)
[2026-09-23 19:06:13] [hb] updated: timestamp_ms=1129 (count=2)
[2026-09-23 19:06:14] [hb] updated: timestamp_ms=1629 (count=3)
[2026-09-23 19:06:14] [hb] updated: timestamp_ms=2130 (count=4)
[2026-09-23 19:06:15] [hb] updated: timestamp_ms=2630 (count=5)
[2026-09-23 19:06:37] [hb] updated: timestamp_ms=10159 (count=20)
[2026-09-23 19:06:47] [hb] updated: timestamp_ms=20267 (count=40)
[2026-09-23 19:06:58] [hb] updated: timestamp_ms=30355 (count=60)
[2026-09-23 19:07:12] [hb] updated: timestamp_ms=40451 (count=80)
[2026-09-23 19:07:23] [hb] updated: timestamp_ms=50549 (count=100)
[2026-09-23 19:07:33] [hb] updated: timestamp_ms=60644 (count=120)
[2026-09-23 19:07:43] [hb] updated: timestamp_ms=70696 (count=140)
[2026-09-23 19:07:53] [hb] updated: timestamp_ms=80769 (count=160)
[2026-09-23 19:08:14] [init] Municipal AI started successfully (Phase 3 Decision Engine Online)
[2026-09-23 19:08:14] [hb] updated: timestamp_ms=625 (count=1)
[2026-09-23 19:08:14] [hb] updated: timestamp_ms=1125 (count=2)
[2026-09-23 19:08:15] [hb] updated: timestamp_ms=1626 (count=3)
[2026-09-23 19:08:15] [hb] updated: timestamp_ms=2126 (count=4)
[2026-09-23 19:08:16] [hb] updated: timestamp_ms=2626 (count=5)
[2026-09-23 19:08:23] [hb] updated: timestamp_ms=10169 (count=20)
[2026-09-23 19:08:40] [hb] updated: timestamp_ms=20278 (count=40)
[2026-09-23 19:08:51] [hb] updated: timestamp_ms=30382 (count=60)
[2026-09-23 19:09:01] [hb] updated: timestamp_ms=40468 (count=80)
[2026-09-23 19:09:35] [hb] updated: timestamp_ms=50551 (count=100)
[2026-09-23 19:09:45] [hb] updated: timestamp_ms=60652 (count=120)
[2026-09-23 19:10:02] [hb] updated: timestamp_ms=70717 (count=140)
[2026-09-23 19:10:12] [hb] updated: timestamp_ms=80799 (count=160)
[2026-09-23 19:10:22] [hb] updated: timestamp_ms=90887 (count=180)
[2026-09-23 19:10:32] [hb] updated: timestamp_ms=100952 (count=200)
[2026-09-23 19:10:42] [hb] updated: timestamp_ms=111049 (count=220)
[2026-09-23 19:10:52] [hb] updated: timestamp_ms=121156 (count=240)
[2026-09-23 19:11:17] [hb] updated: timestamp_ms=131264 (count=260)
[2026-09-23 19:11:33] [hb] updated: timestamp_ms=141344 (count=280)
[2026-09-23 19:11:43] [hb] updated: timestamp_ms=151413 (count=300)
[2026-09-23 19:11:53] [hb] updated: timestamp_ms=161499 (count=320)
[2026-09-23 19:12:08] [hb] updated: timestamp_ms=171602 (count=340)
[2026-09-23 19:12:18] [hb] updated: timestamp_ms=181674 (count=360)
[2026-09-23 19:19:15] [init] Municipal AI started successfully (Phase 3 Decision Engine Online)
[2026-09-23 19:19:15] [hb] updated: timestamp_ms=625 (count=1)
[2026-09-23 19:19:15] [hb] updated: timestamp_ms=1125 (count=2)
[2026-09-23 19:19:16] [hb] updated: timestamp_ms=1625 (count=3)
[2026-09-23 19:19:16] [hb] updated: timestamp_ms=2126 (count=4)
[2026-09-23 19:19:17] [hb] updated: timestamp_ms=2627 (count=5)
[2026-09-23 19:19:45] [hb] updated: timestamp_ms=10157 (count=20)
[2026-09-23 19:20:02] [hb] updated: timestamp_ms=20246 (count=40)
[2026-09-23 19:20:22] [hb] updated: timestamp_ms=30329 (count=60)
[2026-09-23 19:20:32] [hb] updated: timestamp_ms=40430 (count=80)
[2026-09-23 19:20:42] [hb] updated: timestamp_ms=50543 (count=100)
[2026-09-23 19:20:54] [hb] updated: timestamp_ms=60604 (count=120)
[2026-09-23 19:21:04] [hb] updated: timestamp_ms=70703 (count=140)
[2026-09-23 19:21:14] [hb] updated: timestamp_ms=80775 (count=160)
[2026-09-23 19:21:24] [hb] updated: timestamp_ms=90847 (count=180)
[2026-09-23 19:21:34] [hb] updated: timestamp_ms=100915 (count=200)
[2026-09-23 19:22:38] [hb] updated: timestamp_ms=111035 (count=220)
[2026-09-23 19:22:48] [hb] updated: timestamp_ms=121123 (count=240)
[2026-09-23 19:23:10] [hb] updated: timestamp_ms=131189 (count=260)
[2026-09-23 19:23:20] [hb] updated: timestamp_ms=141272 (count=280)
[2026-09-23 19:23:33] [hb] updated: timestamp_ms=151324 (count=300)
[2026-09-23 19:23:43] [hb] updated: timestamp_ms=161417 (count=320)
[2026-09-23 19:23:53] [hb] updated: timestamp_ms=171506 (count=340)
[2026-09-23 19:24:09] [hb] updated: timestamp_ms=181609 (count=360)
[2026-09-23 19:53:42] [init] Municipal AI started successfully (Phase 3 Decision Engine Online)
[2026-09-23 19:53:42] [hb] updated: timestamp_ms=626 (count=1)
[2026-09-23 19:53:43] [hb] updated: timestamp_ms=1129 (count=2)
[2026-09-23 19:53:43] [hb] updated: timestamp_ms=1630 (count=3)
[2026-09-23 19:53:44] [hb] updated: timestamp_ms=2130 (count=4)
[2026-09-23 19:53:44] [hb] updated: timestamp_ms=2631 (count=5)
[2026-09-23 19:54:24] [hb] updated: timestamp_ms=10154 (count=20)
[2026-09-23 19:55:09] [hb] updated: timestamp_ms=20227 (count=40)
[2026-09-23 19:55:19] [hb] updated: timestamp_ms=30318 (count=60)
[2026-09-23 19:55:29] [hb] updated: timestamp_ms=40402 (count=80)
[2026-09-23 19:55:39] [hb] updated: timestamp_ms=50486 (count=100)
[2026-09-23 19:55:54] [hb] updated: timestamp_ms=60575 (count=120)
[2026-09-23 19:56:04] [hb] updated: timestamp_ms=70663 (count=140)
[2026-09-23 19:56:14] [hb] updated: timestamp_ms=80734 (count=160)
[2026-09-23 19:56:24] [hb] updated: timestamp_ms=90799 (count=180)
[2026-09-23 19:57:42] [hb] updated: timestamp_ms=100908 (count=200)
[2026-09-23 19:57:52] [hb] updated: timestamp_ms=110985 (count=220)
[2026-09-23 19:58:02] [hb] updated: timestamp_ms=121050 (count=240)
[2026-09-23 19:58:19] [hb] updated: timestamp_ms=131155 (count=260)
[2026-09-23 19:58:49] [hb] updated: timestamp_ms=141238 (count=280)
[2026-09-23 19:58:59] [hb] updated: timestamp_ms=151348 (count=300)
[2026-09-23 19:59:09] [hb] updated: timestamp_ms=161439 (count=320)
[2026-09-23 19:59:19] [hb] updated: timestamp_ms=171514 (count=340)
[2026-09-23 19:59:29] [hb] updated: timestamp_ms=181593 (count=360)
[2026-09-23 19:59:39] [hb] updated: timestamp_ms=191667 (count=380)
[2026-09-23 19:59:49] [hb] updated: timestamp_ms=201758 (count=400)
[2026-09-23 19:59:59] [hb] updated: timestamp_ms=211841 (count=420)
[2026-09-23 20:00:10] [hb] updated: timestamp_ms=221924 (count=440)
[2026-09-23 20:00:20] [hb] updated: timestamp_ms=232040 (count=460)
[2026-09-23 20:04:49] [init] Municipal AI started successfully (Phase 3 Decision Engine Online)
[2026-09-23 20:04:49] [hb] updated: timestamp_ms=626 (count=1)
[2026-09-23 20:04:49] [hb] updated: timestamp_ms=1127 (count=2)
[2026-09-23 20:04:50] [hb] updated: timestamp_ms=1627 (count=3)
[2026-09-23 20:04:50] [hb] updated: timestamp_ms=2128 (count=4)
[2026-09-23 20:04:51] [hb] updated: timestamp_ms=2629 (count=5)
[2026-09-23 20:05:15] [hb] updated: timestamp_ms=10167 (count=20)
[2026-09-23 20:05:25] [hb] updated: timestamp_ms=20243 (count=40)
[2026-09-23 20:05:35] [hb] updated: timestamp_ms=30345 (count=60)
[2026-09-23 20:05:45] [hb] updated: timestamp_ms=40416 (count=80)
[2026-09-23 20:05:55] [hb] updated: timestamp_ms=50487 (count=100)
[2026-09-23 20:06:06] [hb] updated: timestamp_ms=60599 (count=120)
[2026-09-23 20:06:16] [hb] updated: timestamp_ms=70658 (count=140)
[2026-09-23 20:06:26] [hb] updated: timestamp_ms=80725 (count=160)
[2026-09-23 20:06:36] [hb] updated: timestamp_ms=90828 (count=180)
[2026-09-23 20:06:46] [hb] updated: timestamp_ms=100904 (count=200)
[2026-09-23 20:06:56] [hb] updated: timestamp_ms=110981 (count=220)
[2026-09-23 20:07:06] [hb] updated: timestamp_ms=121070 (count=240)
[2026-09-23 20:07:16] [hb] updated: timestamp_ms=131133 (count=260)
[2026-09-23 20:07:26] [hb] updated: timestamp_ms=141194 (count=280)
[2026-09-23 20:07:36] [hb] updated: timestamp_ms=151273 (count=300)
[2026-09-23 20:08:10] [hb] updated: timestamp_ms=161361 (count=320)
[2026-09-23 20:08:21] [hb] updated: timestamp_ms=171437 (count=340)
[2026-09-23 20:08:31] [hb] updated: timestamp_ms=181517 (count=360)
[2026-09-23 20:08:41] [hb] updated: timestamp_ms=191599 (count=380)
[2026-09-23 21:35:05] [init] Municipal AI started successfully (Phase 3 Decision Engine Online)
[2026-09-23 21:35:05] [hb] updated: timestamp_ms=626 (count=1)
[2026-09-23 21:35:05] [hb] updated: timestamp_ms=1129 (count=2)
[2026-09-23 21:35:06] [hb] updated: timestamp_ms=1630 (count=3)
[2026-09-23 21:35:06] [hb] updated: timestamp_ms=2131 (count=4)
[2026-09-23 21:35:07] [hb] updated: timestamp_ms=2631 (count=5)
[2026-09-23 21:35:32] [hb] updated: timestamp_ms=10232 (count=20)
[2026-09-23 21:35:45] [hb] updated: timestamp_ms=20338 (count=40)
[2026-09-23 21:35:55] [hb] updated: timestamp_ms=30421 (count=60)
[2026-09-23 21:36:05] [hb] updated: timestamp_ms=40507 (count=80)
[2026-09-23 21:36:15] [hb] updated: timestamp_ms=50578 (count=100)
[2026-09-23 21:36:25] [hb] updated: timestamp_ms=60659 (count=120)
[2026-09-23 21:36:35] [hb] updated: timestamp_ms=70753 (count=140)
[2026-09-23 21:36:45] [hb] updated: timestamp_ms=80843 (count=160)
[2026-09-23 21:36:55] [hb] updated: timestamp_ms=90935 (count=180)
[2026-09-23 21:37:05] [hb] updated: timestamp_ms=101028 (count=200)
[2026-09-23 21:37:15] [hb] updated: timestamp_ms=111137 (count=220)
[2026-09-23 21:53:07] [init] Municipal AI started successfully (Phase 3 Decision Engine Online)
[2026-09-23 21:53:07] [hb] updated: timestamp_ms=626 (count=1)
[2026-09-23 21:53:07] [hb] updated: timestamp_ms=1127 (count=2)
[2026-09-23 21:53:08] [hb] updated: timestamp_ms=1627 (count=3)
[2026-09-23 21:53:08] [hb] updated: timestamp_ms=2128 (count=4)
[2026-09-23 21:53:09] [hb] updated: timestamp_ms=2628 (count=5)
[2026-09-23 21:53:25] [hb] updated: timestamp_ms=10190 (count=20)
[2026-09-23 21:53:35] [hb] updated: timestamp_ms=20274 (count=40)
[2026-09-23 21:53:45] [hb] updated: timestamp_ms=30368 (count=60)
[2026-09-23 21:53:55] [hb] updated: timestamp_ms=40444 (count=80)
[2026-09-23 21:54:05] [hb] updated: timestamp_ms=50530 (count=100)
[2026-09-23 21:54:15] [hb] updated: timestamp_ms=60606 (count=120)
[2026-09-23 21:54:25] [hb] updated: timestamp_ms=70691 (count=140)
[2026-09-23 21:54:35] [hb] updated: timestamp_ms=80775 (count=160)
[2026-09-23 21:54:46] [hb] updated: timestamp_ms=90861 (count=180)
[2026-09-23 21:54:56] [hb] updated: timestamp_ms=100937 (count=200)
[2026-09-23 21:55:26] [hb] updated: timestamp_ms=110999 (count=220)
[2026-09-23 21:55:36] [hb] updated: timestamp_ms=121083 (count=240)
[2026-09-23 21:55:46] [hb] updated: timestamp_ms=131160 (count=260)
[2026-09-23 21:55:56] [hb] updated: timestamp_ms=141238 (count=280)
[2026-09-23 21:56:06] [hb] updated: timestamp_ms=151333 (count=300)
[2026-09-23 21:56:17] [hb] updated: timestamp_ms=161433 (count=320)
[2026-09-23 21:56:27] [hb] updated: timestamp_ms=171508 (count=340)
[2026-09-23 21:56:37] [hb] updated: timestamp_ms=181592 (count=360)
[2026-09-23 21:56:47] [hb] updated: timestamp_ms=191695 (count=380)
[2026-09-23 21:56:57] [hb] updated: timestamp_ms=201773 (count=400)
[2026-09-23 21:57:07] [hb] updated: timestamp_ms=211848 (count=420)
[2026-09-23 21:57:17] [hb] updated: timestamp_ms=221929 (count=440)
[2026-09-23 21:57:27] [hb] updated: timestamp_ms=232025 (count=460)
[2026-09-23 21:57:37] [hb] updated: timestamp_ms=242118 (count=480)
[2026-09-23 21:57:47] [hb] updated: timestamp_ms=252202 (count=500)
[2026-09-23 21:57:57] [hb] updated: timestamp_ms=262268 (count=520)
[2026-09-23 21:58:07] [hb] updated: timestamp_ms=272346 (count=540)
[2026-09-23 21:58:18] [hb] updated: timestamp_ms=282451 (count=560)
[2026-09-23 21:58:28] [hb] updated: timestamp_ms=292525 (count=580)
[2026-09-23 21:58:38] [hb] updated: timestamp_ms=302627 (count=600)
[2026-09-23 21:58:48] [hb] updated: timestamp_ms=312728 (count=620)
[2026-09-23 21:58:58] [hb] updated: timestamp_ms=322796 (count=640)
[2026-09-23 21:59:08] [hb] updated: timestamp_ms=332883 (count=660)
[2026-09-23 21:59:18] [hb] updated: timestamp_ms=342988 (count=680)
[2026-09-23 21:59:28] [hb] updated: timestamp_ms=353056 (count=700)
[2026-09-23 21:59:38] [hb] updated: timestamp_ms=363165 (count=720)
[2026-09-23 21:59:48] [hb] updated: timestamp_ms=373262 (count=740)
[2026-09-23 21:59:58] [hb] updated: timestamp_ms=383332 (count=760)
[2026-09-23 22:00:09] [hb] updated: timestamp_ms=393429 (count=780)
[2026-09-23 22:00:30] [init] Municipal AI started successfully (Phase 3 Decision Engine Online)
[2026-09-23 22:00:30] [hb] updated: timestamp_ms=626 (count=1)
[2026-09-23 22:00:31] [hb] updated: timestamp_ms=1128 (count=2)
[2026-09-23 22:00:31] [hb] updated: timestamp_ms=1629 (count=3)
[2026-09-23 22:00:32] [hb] updated: timestamp_ms=2129 (count=4)
[2026-09-23 22:00:32] [hb] updated: timestamp_ms=2630 (count=5)
[2026-09-23 22:00:40] [hb] updated: timestamp_ms=10176 (count=20)
[2026-09-23 22:00:50] [hb] updated: timestamp_ms=20251 (count=40)
[2026-09-23 22:01:00] [hb] updated: timestamp_ms=30328 (count=60)
[2026-09-23 22:01:10] [hb] updated: timestamp_ms=40418 (count=80)
[2026-09-23 22:01:20] [hb] updated: timestamp_ms=50496 (count=100)
[2026-09-23 22:01:30] [hb] updated: timestamp_ms=60568 (count=120)
[2026-09-23 22:01:40] [hb] updated: timestamp_ms=70678 (count=140)
[2026-09-23 22:01:50] [hb] updated: timestamp_ms=80750 (count=160)
[2026-09-23 22:02:00] [hb] updated: timestamp_ms=90825 (count=180)
[2026-09-23 22:02:11] [hb] updated: timestamp_ms=100909 (count=200)
[2026-09-23 22:02:21] [hb] updated: timestamp_ms=110980 (count=220)
[2026-09-23 22:02:31] [hb] updated: timestamp_ms=121060 (count=240)
[2026-09-23 22:02:41] [hb] updated: timestamp_ms=131149 (count=260)
[2026-09-23 22:02:51] [hb] updated: timestamp_ms=141229 (count=280)
[2026-09-23 22:03:01] [hb] updated: timestamp_ms=151319 (count=300)
[2026-09-23 22:03:11] [hb] updated: timestamp_ms=161394 (count=320)
[2026-09-23 22:03:21] [hb] updated: timestamp_ms=171480 (count=340)
[2026-09-23 22:03:31] [hb] updated: timestamp_ms=181549 (count=360)
[2026-09-23 22:03:41] [hb] updated: timestamp_ms=191628 (count=380)
[2026-09-23 22:03:51] [hb] updated: timestamp_ms=201709 (count=400)
[2026-09-23 22:04:01] [hb] updated: timestamp_ms=211771 (count=420)
[2026-09-23 22:04:12] [hb] updated: timestamp_ms=221868 (count=440)
[2026-09-23 22:04:22] [hb] updated: timestamp_ms=231940 (count=460)
[2026-09-23 22:04:32] [hb] updated: timestamp_ms=241998 (count=480)
[2026-09-23 22:04:42] [hb] updated: timestamp_ms=252081 (count=500)
[2026-09-23 22:04:52] [hb] updated: timestamp_ms=262158 (count=520)
[2026-09-23 22:05:02] [hb] updated: timestamp_ms=272228 (count=540)
[2026-09-23 22:05:12] [hb] updated: timestamp_ms=282319 (count=560)
[2026-09-23 22:05:22] [hb] updated: timestamp_ms=292379 (count=580)
[2026-09-23 22:05:32] [hb] updated: timestamp_ms=302468 (count=600)
[2026-09-23 22:05:42] [hb] updated: timestamp_ms=312590 (count=620)
[2026-09-23 22:05:52] [hb] updated: timestamp_ms=322731 (count=640)
[2026-09-23 22:06:03] [hb] updated: timestamp_ms=332877 (count=660)
[2026-09-23 22:06:13] [hb] updated: timestamp_ms=343018 (count=680)
[2026-09-23 22:06:23] [hb] updated: timestamp_ms=353166 (count=700)
[2026-09-23 22:06:33] [hb] updated: timestamp_ms=363311 (count=720)
[2026-09-23 22:06:43] [hb] updated: timestamp_ms=373450 (count=740)
[2026-09-23 22:06:53] [hb] updated: timestamp_ms=383556 (count=760)
[2026-09-23 22:07:03] [hb] updated: timestamp_ms=393644 (count=780)
[2026-09-23 22:07:13] [hb] updated: timestamp_ms=403715 (count=800)
[2026-09-23 22:07:23] [hb] updated: timestamp_ms=413798 (count=820)
[2026-09-23 22:07:34] [hb] updated: timestamp_ms=423880 (count=840)
[2026-09-23 22:07:44] [hb] updated: timestamp_ms=433983 (count=860)
[2026-09-23 22:07:54] [hb] updated: timestamp_ms=444049 (count=880)
[2026-09-23 22:08:04] [hb] updated: timestamp_ms=454153 (count=900)
[2026-09-23 22:08:14] [hb] updated: timestamp_ms=464250 (count=920)
[2026-09-23 22:08:24] [hb] updated: timestamp_ms=474311 (count=940)
[2026-09-23 22:08:34] [hb] updated: timestamp_ms=484372 (count=960)
[2026-09-23 22:08:44] [hb] updated: timestamp_ms=494440 (count=980)
[2026-09-23 22:08:54] [hb] updated: timestamp_ms=504500 (count=1000)
[2026-09-23 22:09:04] [hb] updated: timestamp_ms=514587 (count=1020)
[2026-09-23 22:09:14] [hb] updated: timestamp_ms=524674 (count=1040)
[2026-09-23 22:09:27] [hb] updated: timestamp_ms=534764 (count=1060)
[2026-09-23 22:09:41] [hb] updated: timestamp_ms=544834 (count=1080)
[2026-09-23 22:09:51] [hb] updated: timestamp_ms=554897 (count=1100)
[2026-09-23 22:10:01] [hb] updated: timestamp_ms=564989 (count=1120)
[2026-09-23 22:10:14] [hb] updated: timestamp_ms=575051 (count=1140)
[2026-09-23 22:10:24] [hb] updated: timestamp_ms=585119 (count=1160)
[2026-09-23 22:10:35] [hb] updated: timestamp_ms=595197 (count=1180)
[2026-09-23 22:10:45] [hb] updated: timestamp_ms=605286 (count=1200)
[2026-09-23 22:10:59] [hb] updated: timestamp_ms=615375 (count=1220)
[2026-09-23 22:11:09] [hb] updated: timestamp_ms=625437 (count=1240)
[2026-09-23 22:11:19] [hb] updated: timestamp_ms=635501 (count=1260)
[2026-09-23 22:11:29] [hb] updated: timestamp_ms=645575 (count=1280)
[2026-09-23 22:11:39] [hb] updated: timestamp_ms=655648 (count=1300)
[2026-09-23 22:11:49] [hb] updated: timestamp_ms=665736 (count=1320)
[2026-09-23 22:11:59] [hb] updated: timestamp_ms=675834 (count=1340)
[2026-09-23 22:12:10] [hb] updated: timestamp_ms=685914 (count=1360)
[2026-09-23 22:12:20] [hb] updated: timestamp_ms=695992 (count=1380)
[2026-09-23 22:12:30] [hb] updated: timestamp_ms=706076 (count=1400)
[2026-09-23 22:12:40] [hb] updated: timestamp_ms=716132 (count=1420)
[2026-09-23 22:12:50] [hb] updated: timestamp_ms=726211 (count=1440)
[2026-09-23 22:13:00] [hb] updated: timestamp_ms=736282 (count=1460)
[2026-09-23 22:13:10] [hb] updated: timestamp_ms=746360 (count=1480)
[2026-09-23 22:13:20] [hb] updated: timestamp_ms=756435 (count=1500)
[2026-09-23 22:13:30] [hb] updated: timestamp_ms=766486 (count=1520)
[2026-09-23 22:13:40] [hb] updated: timestamp_ms=776560 (count=1540)
[2026-09-23 22:13:50] [hb] updated: timestamp_ms=786619 (count=1560)
[2026-09-23 22:14:00] [hb] updated: timestamp_ms=796714 (count=1580)
[2026-09-23 22:14:10] [hb] updated: timestamp_ms=806808 (count=1600)
[2026-09-23 22:14:20] [hb] updated: timestamp_ms=816872 (count=1620)
[2026-09-23 22:14:31] [hb] updated: timestamp_ms=826966 (count=1640)
[2026-09-23 22:14:41] [hb] updated: timestamp_ms=837047 (count=1660)
[2026-09-23 22:14:51] [hb] updated: timestamp_ms=847128 (count=1680)
[2026-09-23 22:15:01] [hb] updated: timestamp_ms=857233 (count=1700)
[2026-09-23 22:15:11] [hb] updated: timestamp_ms=867336 (count=1720)
[2026-09-23 22:15:21] [hb] updated: timestamp_ms=877430 (count=1740)
[2026-09-23 22:15:31] [hb] updated: timestamp_ms=887530 (count=1760)
[2026-09-23 22:15:41] [hb] updated: timestamp_ms=897619 (count=1780)
[2026-09-23 22:15:51] [hb] updated: timestamp_ms=907703 (count=1800)
[2026-09-23 22:21:12] [hb] updated: timestamp_ms=917800 (count=1820)
[2026-09-23 22:21:39] [init] Municipal AI started successfully (Phase 3 Decision Engine Online)
[2026-09-23 22:21:39] [hb] updated: timestamp_ms=625 (count=1)
[2026-09-23 22:21:40] [hb] updated: timestamp_ms=1127 (count=2)
[2026-09-23 22:21:40] [hb] updated: timestamp_ms=1627 (count=3)
[2026-09-23 22:21:41] [hb] updated: timestamp_ms=2128 (count=4)
[2026-09-23 22:21:41] [hb] updated: timestamp_ms=2628 (count=5)
[2026-09-23 22:22:28] [hb] updated: timestamp_ms=10151 (count=20)
[2026-09-23 22:22:56] [hb] updated: timestamp_ms=20249 (count=40)
[2026-09-23 22:23:06] [hb] updated: timestamp_ms=30313 (count=60)
[2026-09-23 22:23:21] [hb] updated: timestamp_ms=40399 (count=80)
[2026-09-23 22:23:31] [hb] updated: timestamp_ms=50482 (count=100)
[2026-09-23 22:23:42] [hb] updated: timestamp_ms=60563 (count=120)
[2026-09-23 22:23:52] [hb] updated: timestamp_ms=70644 (count=140)
[2026-09-23 22:24:02] [hb] updated: timestamp_ms=80715 (count=160)
[2026-09-23 22:47:46] [init] Municipal AI started successfully (Phase 3 Decision Engine Online)
[2026-09-23 22:47:46] [hb] updated: timestamp_ms=627 (count=1)
[2026-09-23 22:47:47] [hb] updated: timestamp_ms=1128 (count=2)
[2026-09-23 22:47:47] [hb] updated: timestamp_ms=1629 (count=3)
[2026-09-23 22:47:48] [hb] updated: timestamp_ms=2129 (count=4)
[2026-09-23 22:47:48] [hb] updated: timestamp_ms=2630 (count=5)
[2026-09-23 22:48:15] [hb] updated: timestamp_ms=10171 (count=20)
[2026-09-23 22:54:52] [init] Municipal AI started successfully (Phase 3 Decision Engine Online)
[2026-09-23 22:54:52] [hb] updated: timestamp_ms=629 (count=1)
[2026-09-23 22:54:52] [hb] updated: timestamp_ms=1132 (count=2)
[2026-09-23 22:54:53] [hb] updated: timestamp_ms=1632 (count=3)
[2026-09-23 22:54:53] [hb] updated: timestamp_ms=2132 (count=4)
[2026-09-23 22:54:54] [hb] updated: timestamp_ms=2633 (count=5)
[2026-09-23 22:55:17] [hb] updated: timestamp_ms=10172 (count=20)
[2026-09-23 22:55:27] [hb] updated: timestamp_ms=20312 (count=40)
[2026-09-23 22:55:43] [hb] updated: timestamp_ms=30387 (count=60)
[2026-09-23 22:55:53] [hb] updated: timestamp_ms=40483 (count=80)
[2026-09-23 22:56:03] [hb] updated: timestamp_ms=50552 (count=100)
[2026-09-23 22:56:13] [hb] updated: timestamp_ms=60613 (count=120)
[2026-09-24 17:57:37] [init] Municipal AI started successfully (Phase 3 Decision Engine Online)
[2026-09-24 17:57:37] [hb] updated: timestamp_ms=674 (count=1)
[2026-09-24 17:57:37] [hb] updated: timestamp_ms=1176 (count=2)
[2026-09-24 17:57:38] [hb] updated: timestamp_ms=1677 (count=3)
[2026-09-24 17:57:38] [hb] updated: timestamp_ms=2177 (count=4)
[2026-09-24 17:57:39] [hb] updated: timestamp_ms=2678 (count=5)
[2026-09-24 17:57:51] [hb] updated: timestamp_ms=10213 (count=20)
[2026-09-24 17:58:23] [init] Municipal AI started successfully (Phase 3 Decision Engine Online)
[2026-09-24 17:58:23] [hb] updated: timestamp_ms=626 (count=1)
[2026-09-24 17:58:23] [hb] updated: timestamp_ms=1129 (count=2)
[2026-09-24 17:58:24] [hb] updated: timestamp_ms=1630 (count=3)
[2026-09-24 17:58:24] [hb] updated: timestamp_ms=2130 (count=4)
[2026-09-24 17:58:25] [hb] updated: timestamp_ms=2631 (count=5)
[2026-09-24 17:58:40] [hb] updated: timestamp_ms=10159 (count=20)
[2026-09-24 17:58:50] [hb] updated: timestamp_ms=20251 (count=40)
[2026-09-24 18:01:47] [init] Municipal AI started successfully (Phase 3 Decision Engine Online)
[2026-09-24 18:01:47] [hb] updated: timestamp_ms=626 (count=1)
[2026-09-24 18:01:47] [hb] updated: timestamp_ms=1127 (count=2)
[2026-09-24 18:01:48] [hb] updated: timestamp_ms=1627 (count=3)
[2026-09-24 18:01:48] [hb] updated: timestamp_ms=2128 (count=4)
[2026-09-24 18:01:49] [hb] updated: timestamp_ms=2628 (count=5)
[2026-09-24 18:02:17] [init] Municipal AI started successfully (Phase 3 Decision Engine Online)
[2026-09-24 18:02:17] [hb] updated: timestamp_ms=625 (count=1)
[2026-09-24 18:02:17] [hb] updated: timestamp_ms=1125 (count=2)
[2026-09-24 18:02:18] [hb] updated: timestamp_ms=1625 (count=3)
[2026-09-24 18:02:18] [hb] updated: timestamp_ms=2126 (count=4)
[2026-09-24 18:02:19] [hb] updated: timestamp_ms=2626 (count=5)
[2026-09-24 18:02:30] [hb] updated: timestamp_ms=10335 (count=20)
[2026-09-24 18:05:55] [init] Municipal AI started successfully (Phase 3 Decision Engine Online)
[2026-09-24 18:05:55] [hb] updated: timestamp_ms=625 (count=1)
[2026-09-24 18:05:55] [hb] updated: timestamp_ms=1126 (count=2)
[2026-09-24 18:05:56] [hb] updated: timestamp_ms=1626 (count=3)
[2026-09-24 18:05:56] [hb] updated: timestamp_ms=2127 (count=4)
[2026-09-24 18:05:57] [hb] updated: timestamp_ms=2628 (count=5)
[2026-09-24 18:06:37] [init] Municipal AI started successfully (Phase 3 Decision Engine Online)
[2026-09-24 18:06:37] [hb] updated: timestamp_ms=628 (count=1)
[2026-09-24 18:06:38] [hb] updated: timestamp_ms=1131 (count=2)
[2026-09-24 18:06:38] [hb] updated: timestamp_ms=1631 (count=3)
[2026-09-24 18:06:39] [hb] updated: timestamp_ms=2132 (count=4)
[2026-09-24 18:06:39] [hb] updated: timestamp_ms=2632 (count=5)
[2026-09-24 18:06:51] [hb] updated: timestamp_ms=10162 (count=20)
[2026-09-24 18:16:05] [init] Municipal AI started successfully (Phase 3 Decision Engine Online)
[2026-09-24 18:16:05] [hb] updated: timestamp_ms=626 (count=1)
[2026-09-24 18:16:06] [hb] updated: timestamp_ms=1127 (count=2)
[2026-09-24 18:16:06] [hb] updated: timestamp_ms=1632 (count=3)
[2026-09-24 18:16:07] [hb] updated: timestamp_ms=2134 (count=4)
[2026-09-24 18:16:07] [hb] updated: timestamp_ms=2634 (count=5)
[2026-09-24 18:16:30] [hb] updated: timestamp_ms=10172 (count=20)
[2026-09-24 18:16:41] [hb] updated: timestamp_ms=20271 (count=40)
[2026-09-24 18:21:07] [init] Municipal AI started successfully (Phase 3 Decision Engine Online)
[2026-09-24 18:21:07] [hb] updated: timestamp_ms=627 (count=1)
[2026-09-24 18:21:07] [hb] updated: timestamp_ms=1129 (count=2)
[2026-09-24 18:21:08] [hb] updated: timestamp_ms=1629 (count=3)
[2026-09-24 18:21:08] [hb] updated: timestamp_ms=2130 (count=4)
[2026-09-24 18:21:09] [hb] updated: timestamp_ms=2631 (count=5)
[2026-09-24 18:21:24] [hb] updated: timestamp_ms=10147 (count=20)
[2026-09-24 18:21:34] [hb] updated: timestamp_ms=20244 (count=40)
[2026-09-24 18:27:09] [init] Municipal AI started successfully (Phase 3 Decision Engine Online)
[2026-09-24 18:27:09] [hb] updated: timestamp_ms=625 (count=1)
[2026-09-24 18:27:10] [hb] updated: timestamp_ms=1127 (count=2)
[2026-09-24 18:27:10] [hb] updated: timestamp_ms=1627 (count=3)
[2026-09-24 18:27:11] [hb] updated: timestamp_ms=2127 (count=4)
[2026-09-24 18:27:11] [hb] updated: timestamp_ms=2628 (count=5)
[2026-09-24 18:27:28] [hb] updated: timestamp_ms=10164 (count=20)
[2026-09-24 18:27:38] [hb] updated: timestamp_ms=20243 (count=40)
[2026-09-24 18:32:40] [init] Municipal AI started successfully (Phase 3 Decision Engine Online)
[2026-09-24 18:32:40] [hb] updated: timestamp_ms=628 (count=1)
[2026-09-24 18:32:41] [hb] updated: timestamp_ms=1128 (count=2)
[2026-09-24 18:32:41] [hb] updated: timestamp_ms=1628 (count=3)
[2026-09-24 18:32:42] [hb] updated: timestamp_ms=2129 (count=4)
[2026-09-24 18:32:42] [hb] updated: timestamp_ms=2629 (count=5)
[2026-09-24 18:32:50] [hb] updated: timestamp_ms=10177 (count=20)
[2026-09-24 18:33:08] [hb] updated: timestamp_ms=20264 (count=40)
[2026-09-24 18:33:18] [hb] updated: timestamp_ms=30326 (count=60)
[2026-09-24 18:42:05] [init] Municipal AI started successfully (Phase 3 Decision Engine Online)
[2026-09-24 18:42:05] [hb] updated: timestamp_ms=626 (count=1)
[2026-09-24 18:42:06] [hb] updated: timestamp_ms=1129 (count=2)
[2026-09-24 18:42:06] [hb] updated: timestamp_ms=1630 (count=3)
[2026-09-24 18:42:07] [hb] updated: timestamp_ms=2131 (count=4)
[2026-09-24 18:42:07] [hb] updated: timestamp_ms=2631 (count=5)
[2026-09-24 18:42:19] [hb] updated: timestamp_ms=10170 (count=20)
[2026-09-24 18:42:38] [hb] updated: timestamp_ms=20263 (count=40)
[2026-09-24 18:51:40] [init] Municipal AI started successfully (Phase 3 Decision Engine Online)
[2026-09-24 18:51:40] [hb] updated: timestamp_ms=626 (count=1)
[2026-09-24 18:51:41] [hb] updated: timestamp_ms=1126 (count=2)
[2026-09-24 18:51:41] [hb] updated: timestamp_ms=1627 (count=3)
[2026-09-24 18:51:42] [hb] updated: timestamp_ms=2127 (count=4)
[2026-09-24 18:51:42] [hb] updated: timestamp_ms=2628 (count=5)
[2026-09-24 18:52:10] [hb] updated: timestamp_ms=10140 (count=20)
[2026-09-24 18:52:20] [hb] updated: timestamp_ms=20245 (count=40)
[2026-09-24 18:52:30] [hb] updated: timestamp_ms=30325 (count=60)
[2026-09-24 19:04:12] [init] Municipal AI started successfully (Phase 3 Decision Engine Online)
[2026-09-24 19:04:12] [hb] updated: timestamp_ms=626 (count=1)
[2026-09-24 19:04:12] [hb] updated: timestamp_ms=1126 (count=2)
[2026-09-24 19:04:13] [hb] updated: timestamp_ms=1627 (count=3)
[2026-09-24 19:04:13] [hb] updated: timestamp_ms=2127 (count=4)
[2026-09-24 19:04:14] [hb] updated: timestamp_ms=2628 (count=5)
[2026-09-24 19:04:28] [hb] updated: timestamp_ms=10145 (count=20)
[2026-09-24 19:04:38] [hb] updated: timestamp_ms=20266 (count=40)
[2026-09-24 19:30:46] [init] Municipal AI started successfully (Phase 3 Decision Engine Online)
[2026-09-24 19:30:46] [hb] updated: timestamp_ms=625 (count=1)
[2026-09-24 19:30:47] [hb] updated: timestamp_ms=1125 (count=2)
[2026-09-24 19:30:47] [hb] updated: timestamp_ms=1625 (count=3)
[2026-09-24 19:30:48] [hb] updated: timestamp_ms=2125 (count=4)
[2026-09-24 19:30:48] [hb] updated: timestamp_ms=2626 (count=5)
[2026-09-24 19:31:10] [hb] updated: timestamp_ms=10159 (count=20)
[2026-09-24 19:31:21] [hb] updated: timestamp_ms=20260 (count=40)
[2026-09-24 19:31:35] [hb] updated: timestamp_ms=30344 (count=60)
[2026-09-24 19:31:45] [hb] updated: timestamp_ms=40427 (count=80)
[2026-09-24 19:32:11] [hb] updated: timestamp_ms=50528 (count=100)
[2026-09-24 19:32:21] [hb] updated: timestamp_ms=60609 (count=120)
[2026-09-24 19:32:31] [hb] updated: timestamp_ms=70697 (count=140)
[2026-09-24 19:32:41] [hb] updated: timestamp_ms=80766 (count=160)
[2026-09-24 19:32:51] [hb] updated: timestamp_ms=90842 (count=180)
[2026-09-24 19:33:01] [hb] updated: timestamp_ms=100919 (count=200)
[2026-09-24 19:33:11] [hb] updated: timestamp_ms=111000 (count=220)
[2026-09-24 19:33:21] [hb] updated: timestamp_ms=121072 (count=240)
[2026-09-24 19:33:31] [hb] updated: timestamp_ms=131144 (count=260)
[2026-09-24 19:56:50] [init] Municipal AI started successfully (Phase 3 Decision Engine Online)
[2026-09-24 19:56:50] [hb] updated: timestamp_ms=625 (count=1)
[2026-09-24 19:56:50] [hb] updated: timestamp_ms=1126 (count=2)
[2026-09-24 19:56:51] [hb] updated: timestamp_ms=1627 (count=3)
[2026-09-24 19:56:51] [hb] updated: timestamp_ms=2127 (count=4)
[2026-09-24 19:56:52] [hb] updated: timestamp_ms=2628 (count=5)
[2026-09-24 19:57:10] [hb] updated: timestamp_ms=10149 (count=20)
[2026-09-24 19:57:20] [hb] updated: timestamp_ms=20269 (count=40)
[2026-09-24 19:57:30] [hb] updated: timestamp_ms=30373 (count=60)
[2026-09-24 19:57:40] [hb] updated: timestamp_ms=40504 (count=80)
[2026-09-24 19:57:50] [hb] updated: timestamp_ms=50608 (count=100)
[2026-09-24 20:07:11] [init] Municipal AI started successfully (Phase 3 Decision Engine Online)
[2026-09-24 20:07:11] [hb] updated: timestamp_ms=626 (count=1)
[2026-09-24 20:07:12] [hb] updated: timestamp_ms=1128 (count=2)
[2026-09-24 20:07:12] [hb] updated: timestamp_ms=1628 (count=3)
[2026-09-24 20:07:13] [hb] updated: timestamp_ms=2129 (count=4)
[2026-09-24 20:07:13] [hb] updated: timestamp_ms=2629 (count=5)
[2026-09-24 20:38:24] [init] Municipal AI started successfully (Phase 3 Decision Engine Online)
[2026-09-24 20:38:26] [hb] updated: timestamp_ms=606 (count=1)
[2026-09-24 20:38:27] [hb] updated: timestamp_ms=1107 (count=2)
[2026-09-24 20:38:27] [hb] updated: timestamp_ms=1608 (count=3)
[2026-09-24 20:38:29] [hb] updated: timestamp_ms=2108 (count=4)
[2026-09-24 20:38:30] [hb] updated: timestamp_ms=2608 (count=5)
[2026-09-24 20:56:56] [init] Municipal AI started successfully (Phase 3 Decision Engine Online)
[2026-09-24 20:56:56] [hb] updated: timestamp_ms=626 (count=1)
[2026-09-24 20:56:57] [hb] updated: timestamp_ms=1126 (count=2)
[2026-09-24 20:56:57] [hb] updated: timestamp_ms=1626 (count=3)
[2026-09-24 20:56:58] [hb] updated: timestamp_ms=2127 (count=4)
[2026-09-24 20:56:58] [hb] updated: timestamp_ms=2628 (count=5)
[2026-09-24 21:14:38] [init] Municipal AI started successfully (Phase 3 Decision Engine Online)
[2026-09-24 21:14:38] [hb] updated: timestamp_ms=625 (count=1)
[2026-09-24 21:14:38] [hb] updated: timestamp_ms=1128 (count=2)
[2026-09-24 21:14:39] [hb] updated: timestamp_ms=1629 (count=3)
[2026-09-24 21:14:39] [hb] updated: timestamp_ms=2129 (count=4)
[2026-09-24 21:14:40] [hb] updated: timestamp_ms=2630 (count=5)
[2026-09-24 21:26:38] [init] Municipal AI started successfully (Phase 3 Decision Engine Online)
[2026-09-24 21:26:38] [hb] updated: timestamp_ms=628 (count=1)
[2026-09-24 21:26:38] [hb] updated: timestamp_ms=1131 (count=2)
[2026-09-24 21:26:39] [hb] updated: timestamp_ms=1631 (count=3)
[2026-09-24 21:26:39] [hb] updated: timestamp_ms=2132 (count=4)
[2026-09-24 21:26:40] [hb] updated: timestamp_ms=2632 (count=5)
[2026-09-24 21:26:47] [hb] updated: timestamp_ms=10152 (count=20)
[2026-09-24 21:38:30] [init] Municipal AI started successfully (Phase 3 Decision Engine Online)
[2026-09-24 21:38:31] [hb] updated: timestamp_ms=626 (count=1)
[2026-09-24 21:38:31] [hb] updated: timestamp_ms=1127 (count=2)
[2026-09-24 21:38:32] [hb] updated: timestamp_ms=1627 (count=3)
[2026-09-24 21:38:32] [hb] updated: timestamp_ms=2128 (count=4)
[2026-09-24 21:38:33] [hb] updated: timestamp_ms=2628 (count=5)
[2026-09-24 21:38:40] [hb] updated: timestamp_ms=10153 (count=20)
[2026-09-24 21:43:18] [init] Municipal AI started successfully (Phase 3 Decision Engine Online)
[2026-09-24 21:43:18] [hb] updated: timestamp_ms=626 (count=1)
[2026-09-24 21:43:19] [hb] updated: timestamp_ms=1126 (count=2)
[2026-09-24 21:43:19] [hb] updated: timestamp_ms=1626 (count=3)
[2026-09-24 21:43:20] [hb] updated: timestamp_ms=2127 (count=4)
[2026-09-24 21:43:20] [hb] updated: timestamp_ms=2628 (count=5)
[2026-09-25 18:36:11] [init] Municipal AI started successfully (Phase 3 Decision Engine Online)
[2026-09-25 18:36:11] [hb] updated: timestamp_ms=674 (count=1)
[2026-09-25 18:36:11] [hb] updated: timestamp_ms=1176 (count=2)
[2026-09-25 18:36:12] [hb] updated: timestamp_ms=1677 (count=3)
[2026-09-25 18:36:12] [hb] updated: timestamp_ms=2177 (count=4)
[2026-09-25 18:36:13] [hb] updated: timestamp_ms=2678 (count=5)
[2026-09-25 18:37:29] [hb] updated: timestamp_ms=10213 (count=20)
[2026-09-25 18:37:39] [hb] updated: timestamp_ms=20309 (count=40)
[2026-09-25 18:37:49] [hb] updated: timestamp_ms=30392 (count=60)
[2026-09-25 18:37:59] [hb] updated: timestamp_ms=40460 (count=80)
[2026-09-25 18:38:09] [hb] updated: timestamp_ms=50563 (count=100)
[2026-09-25 18:38:19] [hb] updated: timestamp_ms=60647 (count=120)
[2026-09-25 18:38:29] [hb] updated: timestamp_ms=70714 (count=140)
[2026-09-25 18:38:39] [hb] updated: timestamp_ms=80827 (count=160)
[2026-09-25 18:38:49] [hb] updated: timestamp_ms=90900 (count=180)
[2026-09-25 18:39:11] [hb] updated: timestamp_ms=100970 (count=200)
[2026-09-25 18:39:21] [hb] updated: timestamp_ms=111059 (count=220)
[2026-09-25 18:39:32] [hb] updated: timestamp_ms=121144 (count=240)
[2026-09-25 18:39:42] [hb] updated: timestamp_ms=131231 (count=260)
[2026-09-25 18:41:03] [hb] updated: timestamp_ms=141314 (count=280)
[2026-09-25 18:41:13] [hb] updated: timestamp_ms=151430 (count=300)
[2026-09-25 18:41:23] [hb] updated: timestamp_ms=161510 (count=320)
[2026-09-25 18:42:43] [hb] updated: timestamp_ms=171590 (count=340)
[2026-09-25 18:42:56] [hb] updated: timestamp_ms=181674 (count=360)
[2026-09-25 18:43:06] [hb] updated: timestamp_ms=191753 (count=380)
[2026-09-25 18:43:16] [hb] updated: timestamp_ms=201844 (count=400)
[2026-09-25 18:55:39] [init] Municipal AI started successfully (Phase 3 Decision Engine Online)
[2026-09-25 18:55:39] [hb] updated: timestamp_ms=625 (count=1)
[2026-09-25 18:55:40] [hb] updated: timestamp_ms=1127 (count=2)
[2026-09-25 18:55:40] [hb] updated: timestamp_ms=1628 (count=3)
[2026-09-25 18:55:41] [hb] updated: timestamp_ms=2128 (count=4)
[2026-09-25 18:55:41] [hb] updated: timestamp_ms=2629 (count=5)
[2026-09-25 19:23:19] [hb] updated: timestamp_ms=10171 (count=20)
[2026-09-25 19:23:30] [hb] updated: timestamp_ms=20277 (count=40)
[2026-09-25 19:23:42] [hb] updated: timestamp_ms=30352 (count=60)
[2026-09-25 19:23:52] [hb] updated: timestamp_ms=40425 (count=80)
[2026-09-25 19:24:02] [hb] updated: timestamp_ms=50504 (count=100)
[2026-09-25 19:24:12] [hb] updated: timestamp_ms=60596 (count=120)
[2026-09-25 19:25:14] [hb] updated: timestamp_ms=70665 (count=140)
[2026-09-25 19:25:25] [hb] updated: timestamp_ms=80769 (count=160)
[2026-09-25 19:26:42] [hb] updated: timestamp_ms=90868 (count=180)
[2026-09-25 19:26:52] [hb] updated: timestamp_ms=100947 (count=200)
[2026-09-25 19:27:02] [hb] updated: timestamp_ms=111033 (count=220)
[2026-09-25 19:27:12] [hb] updated: timestamp_ms=121115 (count=240)
[2026-09-25 19:27:22] [hb] updated: timestamp_ms=131177 (count=260)
[2026-09-25 19:27:32] [hb] updated: timestamp_ms=141289 (count=280)
[2026-09-25 19:27:42] [hb] updated: timestamp_ms=151373 (count=300)
[2026-09-25 19:27:52] [hb] updated: timestamp_ms=161427 (count=320)
[2026-09-25 19:28:02] [hb] updated: timestamp_ms=171528 (count=340)
[2026-09-25 19:28:13] [hb] updated: timestamp_ms=181621 (count=360)
[2026-09-25 19:28:23] [hb] updated: timestamp_ms=191698 (count=380)
[2026-09-25 19:28:33] [hb] updated: timestamp_ms=201773 (count=400)
[2026-09-25 19:28:43] [hb] updated: timestamp_ms=211840 (count=420)
[2026-09-25 19:28:53] [hb] updated: timestamp_ms=221941 (count=440)
[2026-09-25 19:29:03] [hb] updated: timestamp_ms=232036 (count=460)
[2026-09-25 19:29:13] [hb] updated: timestamp_ms=242125 (count=480)
[2026-09-25 19:29:23] [hb] updated: timestamp_ms=252201 (count=500)
[2026-09-25 19:29:33] [hb] updated: timestamp_ms=262309 (count=520)
[2026-09-25 19:29:43] [hb] updated: timestamp_ms=272392 (count=540)
[2026-09-25 19:29:53] [hb] updated: timestamp_ms=282478 (count=560)
[2026-09-25 19:30:03] [hb] updated: timestamp_ms=292549 (count=580)
[2026-09-25 19:30:21] [hb] updated: timestamp_ms=302638 (count=600)
[2026-09-25 19:30:32] [hb] updated: timestamp_ms=312695 (count=620)
[2026-09-25 19:30:42] [hb] updated: timestamp_ms=322779 (count=640)
[2026-09-25 19:30:52] [hb] updated: timestamp_ms=332870 (count=660)
[2026-09-25 19:31:02] [hb] updated: timestamp_ms=342963 (count=680)
[2026-09-25 19:31:12] [hb] updated: timestamp_ms=353052 (count=700)
[2026-09-25 19:31:22] [hb] updated: timestamp_ms=363132 (count=720)
[2026-09-25 19:31:32] [hb] updated: timestamp_ms=373234 (count=740)
[2026-09-25 19:31:42] [hb] updated: timestamp_ms=383343 (count=760)
[2026-09-25 19:31:52] [hb] updated: timestamp_ms=393433 (count=780)
[2026-09-25 19:32:02] [hb] updated: timestamp_ms=403490 (count=800)
[2026-09-25 19:43:13] [init] Municipal AI started successfully (Phase 3 Decision Engine Online)
[2026-09-25 19:43:13] [hb] updated: timestamp_ms=625 (count=1)
[2026-09-25 19:43:13] [hb] updated: timestamp_ms=1129 (count=2)
[2026-09-25 19:43:14] [hb] updated: timestamp_ms=1629 (count=3)
[2026-09-25 19:43:14] [hb] updated: timestamp_ms=2130 (count=4)
[2026-09-25 19:43:15] [hb] updated: timestamp_ms=2630 (count=5)
[2026-09-25 19:43:31] [hb] updated: timestamp_ms=10170 (count=20)
[2026-09-25 19:43:51] [hb] updated: timestamp_ms=20253 (count=40)
[2026-09-25 19:44:01] [hb] updated: timestamp_ms=30337 (count=60)
[2026-09-25 19:44:11] [hb] updated: timestamp_ms=40410 (count=80)
[2026-09-25 19:44:24] [hb] updated: timestamp_ms=50492 (count=100)
[2026-09-25 19:44:48] [hb] updated: timestamp_ms=60602 (count=120)
[2026-09-25 19:47:38] [hb] updated: timestamp_ms=70691 (count=140)
[2026-09-25 19:47:48] [hb] updated: timestamp_ms=80787 (count=160)
[2026-09-25 20:09:46] [init] Municipal AI started successfully (Phase 3 Decision Engine Online)
[2026-09-25 20:09:46] [hb] updated: timestamp_ms=627 (count=1)
[2026-09-25 20:09:47] [hb] updated: timestamp_ms=1127 (count=2)
[2026-09-25 20:09:47] [hb] updated: timestamp_ms=1628 (count=3)
[2026-09-25 20:09:48] [hb] updated: timestamp_ms=2128 (count=4)
[2026-09-25 20:09:48] [hb] updated: timestamp_ms=2628 (count=5)
[2026-09-25 20:10:15] [hb] updated: timestamp_ms=10147 (count=20)
[2026-09-25 20:10:51] [hb] updated: timestamp_ms=20229 (count=40)
[2026-09-25 20:11:01] [hb] updated: timestamp_ms=30340 (count=60)
[2026-09-25 20:11:11] [hb] updated: timestamp_ms=40427 (count=80)
[2026-09-25 20:11:22] [hb] updated: timestamp_ms=50528 (count=100)
[2026-09-25 20:17:52] [init] Municipal AI started successfully (Phase 3 Decision Engine Online)
[2026-09-25 20:17:52] [hb] updated: timestamp_ms=626 (count=1)
[2026-09-25 20:17:53] [hb] updated: timestamp_ms=1128 (count=2)
[2026-09-25 20:17:53] [hb] updated: timestamp_ms=1628 (count=3)
[2026-09-25 20:17:54] [hb] updated: timestamp_ms=2129 (count=4)
[2026-09-25 20:17:54] [hb] updated: timestamp_ms=2630 (count=5)
[2026-09-25 20:18:17] [hb] updated: timestamp_ms=10179 (count=20)
[2026-09-25 20:18:28] [hb] updated: timestamp_ms=20277 (count=40)
[2026-09-25 20:18:38] [hb] updated: timestamp_ms=30369 (count=60)
[2026-09-25 20:18:48] [hb] updated: timestamp_ms=40467 (count=80)
[2026-09-25 20:18:58] [hb] updated: timestamp_ms=50550 (count=100)
[2026-09-25 20:19:08] [hb] updated: timestamp_ms=60644 (count=120)
[2026-09-25 20:19:18] [hb] updated: timestamp_ms=70704 (count=140)
[2026-09-25 20:19:28] [hb] updated: timestamp_ms=80795 (count=160)
[2026-09-25 20:19:38] [hb] updated: timestamp_ms=90888 (count=180)
[2026-09-25 20:20:00] [hb] updated: timestamp_ms=100996 (count=200)
[2026-09-25 20:20:10] [hb] updated: timestamp_ms=111070 (count=220)
[2026-09-25 20:20:20] [hb] updated: timestamp_ms=121188 (count=240)
[2026-09-25 20:20:30] [hb] updated: timestamp_ms=131263 (count=260)
[2026-09-25 20:20:40] [hb] updated: timestamp_ms=141353 (count=280)
[2026-09-25 20:20:51] [hb] updated: timestamp_ms=151420 (count=300)
[2026-09-25 20:54:11] [init] Municipal AI started successfully (Phase 3 Decision Engine Online)
[2026-09-25 20:54:11] [hb] updated: timestamp_ms=625 (count=1)
[2026-09-25 20:54:12] [hb] updated: timestamp_ms=1128 (count=2)
[2026-09-25 20:54:12] [hb] updated: timestamp_ms=1629 (count=3)
[2026-09-25 20:54:13] [hb] updated: timestamp_ms=2129 (count=4)
[2026-09-25 20:54:13] [hb] updated: timestamp_ms=2630 (count=5)
[2026-09-25 20:54:21] [hb] updated: timestamp_ms=10151 (count=20)
[2026-09-25 20:54:31] [hb] updated: timestamp_ms=20245 (count=40)
[2026-09-25 20:54:41] [hb] updated: timestamp_ms=30347 (count=60)
[2026-09-25 20:54:51] [hb] updated: timestamp_ms=40444 (count=80)
[2026-09-25 20:55:01] [hb] updated: timestamp_ms=50539 (count=100)
[2026-09-25 20:55:11] [hb] updated: timestamp_ms=60620 (count=120)
[2026-09-25 20:55:21] [hb] updated: timestamp_ms=70688 (count=140)
[2026-09-25 20:55:45] [hb] updated: timestamp_ms=80796 (count=160)
[2026-09-25 20:55:55] [hb] updated: timestamp_ms=90901 (count=180)
[2026-09-25 20:56:05] [hb] updated: timestamp_ms=100994 (count=200)
[2026-09-25 20:56:15] [hb] updated: timestamp_ms=111047 (count=220)
[2026-09-25 20:56:26] [hb] updated: timestamp_ms=121119 (count=240)
[2026-09-25 20:56:36] [hb] updated: timestamp_ms=131218 (count=260)
[2026-09-25 20:56:46] [hb] updated: timestamp_ms=141313 (count=280)
[2026-09-25 20:56:56] [hb] updated: timestamp_ms=151401 (count=300)
[2026-09-25 21:16:14] [init] Municipal AI started successfully (Phase 3 Decision Engine Online)
[2026-09-25 21:16:14] [hb] updated: timestamp_ms=626 (count=1)
[2026-09-25 21:16:15] [hb] updated: timestamp_ms=1126 (count=2)
[2026-09-25 21:16:15] [hb] updated: timestamp_ms=1627 (count=3)
[2026-09-25 21:16:16] [hb] updated: timestamp_ms=2127 (count=4)
[2026-09-25 21:16:16] [hb] updated: timestamp_ms=2627 (count=5)
[2026-09-25 21:16:37] [hb] updated: timestamp_ms=10159 (count=20)
[2026-09-25 21:16:47] [hb] updated: timestamp_ms=20265 (count=40)
[2026-09-25 21:16:57] [hb] updated: timestamp_ms=30380 (count=60)
[2026-09-25 21:17:08] [hb] updated: timestamp_ms=40483 (count=80)
[2026-09-25 21:17:18] [hb] updated: timestamp_ms=50554 (count=100)
[2026-09-25 21:17:28] [hb] updated: timestamp_ms=60619 (count=120)
[2026-09-25 21:17:38] [hb] updated: timestamp_ms=70700 (count=140)
[2026-09-25 21:56:25] [init] Municipal AI started successfully (Phase 3 Decision Engine Online)
[2026-09-25 21:56:25] [hb] updated: timestamp_ms=626 (count=1)
[2026-09-25 21:56:25] [hb] updated: timestamp_ms=1127 (count=2)
[2026-09-25 21:56:26] [hb] updated: timestamp_ms=1628 (count=3)
[2026-09-25 21:56:26] [hb] updated: timestamp_ms=2128 (count=4)
[2026-09-25 21:56:27] [hb] updated: timestamp_ms=2629 (count=5)
[2026-09-25 21:56:34] [hb] updated: timestamp_ms=10162 (count=20)
[2026-09-25 21:56:56] [hb] updated: timestamp_ms=20267 (count=40)
[2026-09-25 21:57:06] [hb] updated: timestamp_ms=30380 (count=60)
[2026-09-25 21:57:16] [hb] updated: timestamp_ms=40516 (count=80)
[2026-09-25 21:57:26] [hb] updated: timestamp_ms=50641 (count=100)
[2026-09-25 21:57:36] [hb] updated: timestamp_ms=60746 (count=120)
[2026-09-25 22:56:03] [init] Municipal AI started successfully (Phase 3 Decision Engine Online)
[2026-09-25 22:56:03] [hb] updated: timestamp_ms=625 (count=1)
[2026-09-25 22:56:03] [hb] updated: timestamp_ms=1128 (count=2)
[2026-09-25 22:56:04] [hb] updated: timestamp_ms=1629 (count=3)
[2026-09-25 22:56:04] [hb] updated: timestamp_ms=2129 (count=4)
[2026-09-25 22:56:05] [hb] updated: timestamp_ms=2630 (count=5)
[2026-09-25 22:56:12] [hb] updated: timestamp_ms=10173 (count=20)
[2026-09-25 22:56:23] [hb] updated: timestamp_ms=20400 (count=40)
[2026-09-25 23:23:45] [init] Municipal AI started successfully (Phase 3 Decision Engine Online)
[2026-09-25 23:23:45] [hb] updated: timestamp_ms=627 (count=1)
[2026-09-25 23:23:45] [hb] updated: timestamp_ms=1128 (count=2)
[2026-09-25 23:23:46] [hb] updated: timestamp_ms=1628 (count=3)
[2026-09-25 23:23:46] [hb] updated: timestamp_ms=2129 (count=4)
[2026-09-25 23:23:47] [hb] updated: timestamp_ms=2629 (count=5)
[2026-09-25 23:23:54] [hb] updated: timestamp_ms=10166 (count=20)
[2026-09-25 23:24:22] [hb] updated: timestamp_ms=20260 (count=40)
[2026-09-25 23:24:41] [hb] updated: timestamp_ms=30378 (count=60)
[2026-09-25 23:24:59] [hb] updated: timestamp_ms=40474 (count=80)
[2026-09-25 23:25:09] [hb] updated: timestamp_ms=50611 (count=100)
[2026-09-25 23:25:20] [hb] updated: timestamp_ms=60718 (count=120)
[2026-09-25 23:25:30] [hb] updated: timestamp_ms=70816 (count=140)
[2026-09-25 23:25:40] [hb] updated: timestamp_ms=80913 (count=160)
[2026-09-25 23:25:50] [hb] updated: timestamp_ms=90994 (count=180)
[2026-09-25 23:26:05] [hb] updated: timestamp_ms=101095 (count=200)
[2026-09-25 23:26:15] [hb] updated: timestamp_ms=111177 (count=220)
[2026-09-25 23:26:25] [hb] updated: timestamp_ms=121265 (count=240)
[2026-09-25 23:26:35] [hb] updated: timestamp_ms=131359 (count=260)
[2026-09-25 23:26:45] [hb] updated: timestamp_ms=141454 (count=280)
[2026-09-25 23:26:55] [hb] updated: timestamp_ms=151551 (count=300)
[2026-09-25 23:27:29] [hb] updated: timestamp_ms=161643 (count=320)
[2026-09-25 23:27:50] [hb] updated: timestamp_ms=171753 (count=340)
[2026-09-25 23:28:00] [hb] updated: timestamp_ms=181829 (count=360)
[2026-09-26 12:02:50] [init] Municipal AI started successfully (Phase 3 Decision Engine Online)
[2026-09-26 12:02:50] [hb] updated: timestamp_ms=640 (count=1)
[2026-09-26 12:02:51] [hb] updated: timestamp_ms=1140 (count=2)
[2026-09-26 12:02:51] [hb] updated: timestamp_ms=1641 (count=3)
[2026-09-26 12:02:52] [hb] updated: timestamp_ms=2141 (count=4)
[2026-09-26 12:02:52] [hb] updated: timestamp_ms=2642 (count=5)
[2026-09-26 12:04:03] [hb] updated: timestamp_ms=10179 (count=20)
[2026-09-26 12:04:13] [hb] updated: timestamp_ms=20268 (count=40)
[2026-09-26 12:04:24] [hb] updated: timestamp_ms=30333 (count=60)
[2026-09-26 12:04:41] [hb] updated: timestamp_ms=40413 (count=80)
[2026-09-26 12:04:51] [hb] updated: timestamp_ms=50521 (count=100)
[2026-09-26 12:05:01] [hb] updated: timestamp_ms=60612 (count=120)
[2026-09-26 12:25:29] [init] Municipal AI started successfully (Phase 3 Decision Engine Online)
[2026-09-26 12:25:29] [hb] updated: timestamp_ms=625 (count=1)
[2026-09-26 12:25:30] [hb] updated: timestamp_ms=1127 (count=2)
[2026-09-26 12:25:30] [hb] updated: timestamp_ms=1627 (count=3)
[2026-09-26 12:25:31] [hb] updated: timestamp_ms=2128 (count=4)
[2026-09-26 12:25:31] [hb] updated: timestamp_ms=2628 (count=5)
[2026-09-26 12:25:46] [hb] updated: timestamp_ms=10139 (count=20)
[2026-09-26 12:25:56] [hb] updated: timestamp_ms=20226 (count=40)
[2026-09-26 12:33:07] [init] Municipal AI started successfully (Phase 3 Decision Engine Online)
[2026-09-26 12:33:07] [hb] updated: timestamp_ms=626 (count=1)
[2026-09-26 12:33:08] [hb] updated: timestamp_ms=1129 (count=2)
[2026-09-26 12:33:08] [hb] updated: timestamp_ms=1629 (count=3)
[2026-09-26 12:33:09] [hb] updated: timestamp_ms=2130 (count=4)
[2026-09-26 12:33:09] [hb] updated: timestamp_ms=2630 (count=5)
[2026-09-26 12:33:23] [hb] updated: timestamp_ms=10148 (count=20)
[2026-09-26 12:33:33] [hb] updated: timestamp_ms=20236 (count=40)
[2026-09-26 12:49:38] [init] Municipal AI started successfully (Phase 3 Decision Engine Online)
[2026-09-26 12:49:38] [hb] updated: timestamp_ms=626 (count=1)
[2026-09-26 12:49:39] [hb] updated: timestamp_ms=1129 (count=2)
[2026-09-26 12:49:39] [hb] updated: timestamp_ms=1629 (count=3)
[2026-09-26 12:49:40] [hb] updated: timestamp_ms=2130 (count=4)
[2026-09-26 12:49:40] [hb] updated: timestamp_ms=2630 (count=5)
[2026-09-26 12:49:52] [hb] updated: timestamp_ms=10156 (count=20)
[2026-09-26 12:50:06] [hb] updated: timestamp_ms=20218 (count=40)
[2026-09-26 12:50:21] [hb] updated: timestamp_ms=30320 (count=60)
[2026-09-26 12:50:31] [hb] updated: timestamp_ms=40455 (count=80)
[2026-09-26 12:50:41] [hb] updated: timestamp_ms=50554 (count=100)
[2026-09-26 12:50:51] [hb] updated: timestamp_ms=60644 (count=120)
[2026-09-26 12:51:13] [init] Municipal AI started successfully (Phase 3 Decision Engine Online)
[2026-09-26 12:51:13] [hb] updated: timestamp_ms=625 (count=1)
[2026-09-26 12:51:14] [hb] updated: timestamp_ms=1127 (count=2)
[2026-09-26 12:51:14] [hb] updated: timestamp_ms=1627 (count=3)
[2026-09-26 12:51:15] [hb] updated: timestamp_ms=2128 (count=4)
[2026-09-26 12:51:15] [hb] updated: timestamp_ms=2628 (count=5)
[2026-09-26 12:51:25] [hb] updated: timestamp_ms=10146 (count=20)
[2026-09-26 12:51:36] [hb] updated: timestamp_ms=20214 (count=40)
[2026-09-26 12:52:08] [init] Municipal AI started successfully (Phase 3 Decision Engine Online)
[2026-09-26 12:52:08] [hb] updated: timestamp_ms=626 (count=1)
[2026-09-26 12:52:08] [hb] updated: timestamp_ms=1126 (count=2)
[2026-09-26 12:52:09] [hb] updated: timestamp_ms=1627 (count=3)
[2026-09-26 12:52:09] [hb] updated: timestamp_ms=2128 (count=4)
[2026-09-26 12:52:10] [hb] updated: timestamp_ms=2628 (count=5)
[2026-09-26 12:52:20] [hb] updated: timestamp_ms=10158 (count=20)
[2026-09-26 12:52:38] [init] Municipal AI started successfully (Phase 3 Decision Engine Online)
[2026-09-26 12:52:38] [hb] updated: timestamp_ms=625 (count=1)
[2026-09-26 12:52:38] [hb] updated: timestamp_ms=1128 (count=2)
[2026-09-26 12:52:39] [hb] updated: timestamp_ms=1629 (count=3)
[2026-09-26 12:52:39] [hb] updated: timestamp_ms=2129 (count=4)
[2026-09-26 12:52:40] [hb] updated: timestamp_ms=2630 (count=5)
[2026-09-26 12:52:51] [hb] updated: timestamp_ms=10155 (count=20)
[2026-09-26 12:53:03] [hb] updated: timestamp_ms=20281 (count=40)
[2026-09-26 12:57:31] [init] Municipal AI started successfully (Phase 3 Decision Engine Online)
[2026-09-26 12:57:32] [hb] updated: timestamp_ms=626 (count=1)
[2026-09-26 12:57:32] [hb] updated: timestamp_ms=1126 (count=2)
[2026-09-26 12:57:33] [hb] updated: timestamp_ms=1627 (count=3)
[2026-09-26 12:57:33] [hb] updated: timestamp_ms=2127 (count=4)
[2026-09-26 12:57:34] [hb] updated: timestamp_ms=2628 (count=5)
[2026-09-26 12:57:51] [hb] updated: timestamp_ms=10148 (count=20)
[2026-09-26 12:58:01] [hb] updated: timestamp_ms=20257 (count=40)
[2026-09-26 12:58:11] [hb] updated: timestamp_ms=30370 (count=60)
[2026-09-26 12:58:21] [hb] updated: timestamp_ms=40483 (count=80)
[2026-09-26 13:56:55] [init] Municipal AI started successfully (Phase 3 Decision Engine Online)
[2026-09-26 13:56:55] [hb] updated: timestamp_ms=626 (count=1)
[2026-09-26 13:56:55] [hb] updated: timestamp_ms=1130 (count=2)
[2026-09-26 13:56:56] [hb] updated: timestamp_ms=1630 (count=3)
[2026-09-26 13:56:56] [hb] updated: timestamp_ms=2131 (count=4)
[2026-09-26 13:56:57] [hb] updated: timestamp_ms=2631 (count=5)
[2026-09-26 13:57:07] [hb] updated: timestamp_ms=10207 (count=20)
[2026-09-26 13:57:17] [hb] updated: timestamp_ms=20294 (count=40)
[2026-09-26 13:57:59] [hb] updated: timestamp_ms=30403 (count=60)
[2026-09-26 13:58:09] [hb] updated: timestamp_ms=40503 (count=80)
[2026-09-26 14:05:26] [hb] updated: timestamp_ms=50599 (count=100)
[2026-09-26 14:05:36] [hb] updated: timestamp_ms=60719 (count=120)
[2026-09-26 14:05:46] [hb] updated: timestamp_ms=70797 (count=140)
[2026-09-26 14:06:00] [hb] updated: timestamp_ms=80899 (count=160)
[2026-09-26 14:06:11] [hb] updated: timestamp_ms=90982 (count=180)
[2026-09-26 14:06:21] [hb] updated: timestamp_ms=101062 (count=200)
[2026-09-26 14:37:32] [init] Municipal AI started successfully (Phase 3 Decision Engine Online)
[2026-09-26 14:37:32] [hb] updated: timestamp_ms=625 (count=1)
[2026-09-26 14:37:33] [hb] updated: timestamp_ms=1126 (count=2)
[2026-09-26 14:37:33] [hb] updated: timestamp_ms=1626 (count=3)
[2026-09-26 14:37:34] [hb] updated: timestamp_ms=2127 (count=4)
[2026-09-26 14:37:34] [hb] updated: timestamp_ms=2628 (count=5)
[2026-09-26 14:37:42] [hb] updated: timestamp_ms=10187 (count=20)
[2026-09-26 14:38:01] [hb] updated: timestamp_ms=20262 (count=40)
[2026-09-26 14:38:12] [hb] updated: timestamp_ms=30387 (count=60)
[2026-09-26 14:38:24] [hb] updated: timestamp_ms=40494 (count=80)
[2026-09-26 14:38:34] [hb] updated: timestamp_ms=50629 (count=100)
[2026-09-26 14:38:45] [hb] updated: timestamp_ms=60756 (count=120)
[2026-09-26 14:38:55] [hb] updated: timestamp_ms=70862 (count=140)
[2026-09-26 14:41:31] [hb] updated: timestamp_ms=80978 (count=160)
[2026-09-26 14:41:41] [hb] updated: timestamp_ms=91089 (count=180)
[2026-09-26 14:41:51] [hb] updated: timestamp_ms=101165 (count=200)
[2026-09-26 14:43:28] [hb] updated: timestamp_ms=111230 (count=220)
[2026-09-26 14:43:45] [hb] updated: timestamp_ms=121350 (count=240)
[2026-09-26 14:43:55] [hb] updated: timestamp_ms=131436 (count=260)
[2026-09-26 16:28:28] [init] Municipal AI started successfully (Phase 3 Decision Engine Online)
[2026-09-26 16:28:28] [hb] updated: timestamp_ms=657 (count=1)
[2026-09-26 16:28:29] [hb] updated: timestamp_ms=1157 (count=2)
[2026-09-26 16:28:29] [hb] updated: timestamp_ms=1657 (count=3)
[2026-09-26 16:28:30] [hb] updated: timestamp_ms=2158 (count=4)
[2026-09-26 16:28:30] [hb] updated: timestamp_ms=2659 (count=5)
[2026-09-26 16:28:50] [hb] updated: timestamp_ms=10250 (count=20)
[2026-09-26 16:29:11] [hb] updated: timestamp_ms=20327 (count=40)
[2026-09-26 16:29:39] [hb] updated: timestamp_ms=30408 (count=60)
[2026-09-26 18:40:47] [init] Municipal AI started successfully (Phase 3 Decision Engine Online)
[2026-09-26 18:40:47] [hb] updated: timestamp_ms=626 (count=1)
[2026-09-26 18:40:48] [hb] updated: timestamp_ms=1129 (count=2)
[2026-09-26 18:40:48] [hb] updated: timestamp_ms=1630 (count=3)
[2026-09-26 18:40:49] [hb] updated: timestamp_ms=2130 (count=4)
[2026-09-26 18:40:49] [hb] updated: timestamp_ms=2631 (count=5)
[2026-09-26 18:41:13] [hb] updated: timestamp_ms=10187 (count=20)
[2026-09-26 18:41:23] [hb] updated: timestamp_ms=20322 (count=40)
[2026-09-26 18:45:22] [init] Municipal AI started successfully (Phase 3 Decision Engine Online)
[2026-09-26 18:45:22] [hb] updated: timestamp_ms=626 (count=1)
[2026-09-26 18:45:23] [hb] updated: timestamp_ms=1126 (count=2)
[2026-09-26 18:45:23] [hb] updated: timestamp_ms=1627 (count=3)
[2026-09-26 18:45:24] [hb] updated: timestamp_ms=2128 (count=4)
[2026-09-26 18:45:24] [hb] updated: timestamp_ms=2628 (count=5)
[2026-09-26 18:45:32] [hb] updated: timestamp_ms=10136 (count=20)
[2026-09-26 18:45:55] [hb] updated: timestamp_ms=20233 (count=40)
[2026-09-26 18:46:05] [hb] updated: timestamp_ms=30323 (count=60)
[2026-09-26 18:52:53] [init] Municipal AI started successfully (Phase 3 Decision Engine Online)
[2026-09-26 18:52:53] [hb] updated: timestamp_ms=626 (count=1)
[2026-09-26 18:52:53] [hb] updated: timestamp_ms=1129 (count=2)
[2026-09-26 18:52:54] [hb] updated: timestamp_ms=1629 (count=3)
[2026-09-26 18:52:54] [hb] updated: timestamp_ms=2130 (count=4)
[2026-09-26 18:52:55] [hb] updated: timestamp_ms=2630 (count=5)
[2026-09-26 18:59:34] [init] Municipal AI started successfully (Phase 3 Decision Engine Online)
[2026-09-26 18:59:34] [hb] updated: timestamp_ms=626 (count=1)
[2026-09-26 18:59:35] [hb] updated: timestamp_ms=1129 (count=2)
[2026-09-26 18:59:35] [hb] updated: timestamp_ms=1630 (count=3)
[2026-09-26 18:59:36] [hb] updated: timestamp_ms=2130 (count=4)
[2026-09-26 18:59:36] [hb] updated: timestamp_ms=2631 (count=5)
[2026-09-26 19:26:11] [init] Municipal AI started successfully (Phase 3 Decision Engine Online)
[2026-09-26 19:26:11] [hb] updated: timestamp_ms=627 (count=1)
[2026-09-26 19:26:12] [hb] updated: timestamp_ms=1129 (count=2)
[2026-09-26 19:26:12] [hb] updated: timestamp_ms=1629 (count=3)
[2026-09-26 19:26:13] [hb] updated: timestamp_ms=2130 (count=4)
[2026-09-26 19:26:13] [hb] updated: timestamp_ms=2630 (count=5)
[2026-09-26 19:26:39] [hb] updated: timestamp_ms=10157 (count=20)
[2026-09-26 19:39:10] [init] Municipal AI started successfully (Phase 3 Decision Engine Online)
[2026-09-26 19:39:10] [hb] updated: timestamp_ms=626 (count=1)
[2026-09-26 19:39:10] [hb] updated: timestamp_ms=1129 (count=2)
[2026-09-26 19:39:11] [hb] updated: timestamp_ms=1630 (count=3)
[2026-09-26 19:39:11] [hb] updated: timestamp_ms=2130 (count=4)
[2026-09-26 19:39:12] [hb] updated: timestamp_ms=2631 (count=5)
[2026-09-26 19:39:25] [hb] updated: timestamp_ms=10172 (count=20)
[2026-09-26 19:39:35] [hb] updated: timestamp_ms=20278 (count=40)
[2026-09-26 19:39:45] [hb] updated: timestamp_ms=30362 (count=60)
[2026-09-26 19:40:27] [hb] updated: timestamp_ms=40470 (count=80)
[2026-09-26 19:40:45] [hb] updated: timestamp_ms=50571 (count=100)
[2026-09-26 19:40:59] [hb] updated: timestamp_ms=60659 (count=120)
[2026-09-26 19:41:09] [hb] updated: timestamp_ms=70740 (count=140)
[2026-09-26 19:41:23] [hb] updated: timestamp_ms=80833 (count=160)
[2026-09-26 19:41:39] [hb] updated: timestamp_ms=90900 (count=180)
[2026-09-26 19:41:49] [hb] updated: timestamp_ms=100971 (count=200)
[2026-09-26 19:43:14] [hb] updated: timestamp_ms=111063 (count=220)
[2026-09-26 19:43:24] [hb] updated: timestamp_ms=121141 (count=240)
[2026-09-26 19:43:34] [hb] updated: timestamp_ms=131216 (count=260)
[2026-09-26 19:43:44] [hb] updated: timestamp_ms=141310 (count=280)
[2026-09-26 19:44:01] [hb] updated: timestamp_ms=151371 (count=300)
[2026-09-26 19:45:06] [hb] updated: timestamp_ms=161493 (count=320)
[2026-09-26 20:00:59] [init] Municipal AI started successfully (Phase 3 Decision Engine Online)
[2026-09-26 20:00:59] [hb] updated: timestamp_ms=626 (count=1)
[2026-09-26 20:00:59] [hb] updated: timestamp_ms=1129 (count=2)
[2026-09-26 20:01:00] [hb] updated: timestamp_ms=1630 (count=3)
[2026-09-26 20:01:00] [hb] updated: timestamp_ms=2130 (count=4)
[2026-09-26 20:01:01] [hb] updated: timestamp_ms=2631 (count=5)
[2026-09-26 20:01:09] [hb] updated: timestamp_ms=10142 (count=20)
[2026-09-26 20:01:34] [hb] updated: timestamp_ms=20185 (count=40)
[2026-09-26 20:01:46] [hb] updated: timestamp_ms=30289 (count=60)
[2026-09-26 20:01:57] [hb] updated: timestamp_ms=40372 (count=80)
[2026-09-26 21:01:55] [init] Municipal AI started successfully (Phase 3 Decision Engine Online)
[2026-09-26 21:01:55] [hb] updated: timestamp_ms=628 (count=1)
[2026-09-26 21:01:55] [hb] updated: timestamp_ms=1131 (count=2)
[2026-09-26 21:01:56] [hb] updated: timestamp_ms=1632 (count=3)
[2026-09-26 21:01:56] [hb] updated: timestamp_ms=2132 (count=4)
[2026-09-26 21:01:57] [hb] updated: timestamp_ms=2633 (count=5)
[2026-09-26 21:02:04] [hb] updated: timestamp_ms=10195 (count=20)
[2026-09-26 21:08:00] [init] Municipal AI started successfully (Phase 3 Decision Engine Online)
[2026-09-26 21:08:00] [hb] updated: timestamp_ms=705 (count=1)
[2026-09-26 21:08:00] [hb] updated: timestamp_ms=1208 (count=2)
[2026-09-26 21:08:01] [hb] updated: timestamp_ms=1708 (count=3)
[2026-09-26 21:08:01] [hb] updated: timestamp_ms=2209 (count=4)
[2026-09-26 21:08:02] [hb] updated: timestamp_ms=2709 (count=5)
